mtllib mesh.mtl 
v 0.13658416271209717 0.569778561592102 0.3548588156700134 
v 0.18320110440254211 0.5704017281532288 0.3337506353855133 
v 0.14117173850536346 0.5439853668212891 0.3316085636615753 
v -0.2443261593580246 -0.7332054376602173 0.2967245876789093 
v -0.18658886849880219 -0.7556553483009338 0.34074971079826355 
v 0.010026585310697556 0.6029886603355408 0.33650466799736023 
v 0.24072684347629547 0.521811306476593 0.27350860834121704 
v 0.27661463618278503 -0.7984976768493652 0.28648653626441956 
v 0.3301137685775757 -0.7989296317100525 0.31986644864082336 
v 0.36606788635253906 -0.8338823318481445 0.2977028787136078 
v -0.20909848809242249 -0.8670381307601929 0.2988471984863281 
v 0.33924540877342224 -0.9052541851997375 0.25578784942626953 
v -0.1288982778787613 0.5772101879119873 0.25306782126426697 
v -0.2941941022872925 -0.8043350577354431 0.21057093143463135 
v 0.432744562625885 -0.8204180002212524 0.251231849193573 
v -0.27909228205680847 -0.8651801943778992 0.2044801414012909 
v 0.27191683650016785 -0.9076758027076721 0.2476983219385147 
v 0.08507361263036728 0.6673480868339539 0.2049476057291031 
v 0.24949000775814056 0.5544410347938538 0.2647639811038971 
v -0.1521533578634262 0.47500890493392944 0.1997791826725006 
v -0.19136826694011688 -0.7320659160614014 0.24512964487075806 
v -0.15872298181056976 -0.7493159174919128 0.2686920762062073 
v -0.09650085866451263 -0.8150327205657959 0.20285029709339142 
v 0.19570878148078918 -0.8225924372673035 0.23175351321697235 
v -0.10515398532152176 0.7728627920150757 0.16869865357875824 
v -0.15452344715595245 0.5861048698425293 0.17964708805084229 
v 0.12065122276544571 0.6135514974594116 0.20909488201141357 
v 0.1856662780046463 0.49682632088661194 0.19091758131980896 
v -0.1944780945777893 0.4208191931247711 0.16029442846775055 
v 0.09400220215320587 0.43341201543807983 0.19084927439689636 
v 0.05099852383136749 0.3331354260444641 0.18501801788806915 
v 0.011288902722299099 0.24734750390052795 0.20315863192081451 
v 0.07331538945436478 0.2311864197254181 0.2322874218225479 
v 0.18630677461624146 -0.3378946781158447 0.17695823311805725 
v -0.4083748757839203 -0.5646852254867554 0.19204513728618622 
v 0.20289887487888336 -0.7320175170898438 0.18469680845737457 
v 0.260816365480423 -0.7222264409065247 0.2201942652463913 
v -0.032944101840257645 -0.8075244426727295 0.19023995101451874 
v 0.14144384860992432 -0.8471673727035522 0.20808564126491547 
v -0.07089623808860779 -0.836432695388794 0.17979858815670013 
v -0.07242229580879211 0.3722240626811981 0.16388936340808868 
v -0.2769990563392639 -0.23419414460659027 0.16544067859649658 
v 0.15267261862754822 -0.20101270079612732 0.16161729395389557 
v 0.2763281464576721 -0.27578186988830566 0.15663032233715057 
v 0.2809426486492157 -0.3798176348209381 0.1588279902935028 
v -0.24603836238384247 -0.41812199354171753 0.1733301728963852 
v -0.47754210233688354 -0.4521383047103882 0.12927435338497162 
v -0.011437618173658848 -0.539053201675415 0.17438675463199615 
v -0.09827299416065216 -0.5750150084495544 0.1651766449213028 
v 0.24509553611278534 -0.6969429850578308 0.15549638867378235 
v -0.2999283969402313 -0.6847977042198181 0.14999035000801086 
v -0.10562163591384888 -0.7061765789985657 0.15966881811618805 
v 0.16618041694164276 -0.7359026074409485 0.18172723054885864 
v 0.040224697440862656 -0.7524042129516602 0.16928067803382874 
v 0.2902204394340515 -0.7142865657806396 0.15000635385513306 
v 0.06698314100503922 -0.7905039191246033 0.16222859919071198 
v 0.12145422399044037 -0.8149248361587524 0.15895892679691315 
v -0.08279702067375183 -0.8674986362457275 0.14554616808891296 
v -0.2176554799079895 0.6315674781799316 0.11216770857572556 
v -0.23136118054389954 0.4198271632194519 0.11537414789199829 
v -0.1937112808227539 0.24904438853263855 0.12878729403018951 
v 0.20115947723388672 0.17785006761550903 0.11113964766263962 
v -0.07874346524477005 0.14837129414081573 0.14380192756652832 
v 0.06628213822841644 -0.17794542014598846 0.13685761392116547 
v 0.2548423707485199 -0.18251539766788483 0.14670635759830475 
v 0.31501466035842896 -0.2880713641643524 0.11334434896707535 
v 0.14930295944213867 -0.6440737843513489 0.12853166460990906 
v -0.21905294060707092 -0.7031880021095276 0.14019209146499634 
v -0.09875407069921494 -0.6832332611083984 0.12099659442901611 
v -0.049691639840602875 -0.7153120636940002 0.16755126416683197 
v -0.0132732093334198 -0.6636648774147034 0.11486130207777023 
v 0.05144326016306877 -0.6366474628448486 0.11676432937383652 
v 0.0626782476902008 -0.6458820104598999 0.11585844308137894 
v 0.03331569954752922 -0.6898146271705627 0.12419065833091736 
v 0.09392084926366806 -0.6655148267745972 0.11717785894870758 
v 0.1885562539100647 -0.6548287272453308 0.1271263211965561 
v -0.21710950136184692 -0.7251889109611511 0.14142556488513947 
v 0.396364688873291 -0.7884072661399841 0.129021555185318 
v 0.24118897318840027 0.5559110045433044 0.13354915380477905 
v -0.2524532973766327 0.43461352586746216 0.09321601688861847 
v -0.23138543963432312 0.35470613837242126 0.08057757467031479 
v 0.020173432305455208 0.09545660763978958 0.08474437892436981 
v -0.20508013665676117 -0.19079096615314484 0.10402426868677139 
v -0.15916034579277039 -0.15646347403526306 0.0698469877243042 
v -0.08637342602014542 -0.18098416924476624 0.1036277711391449 
v 0.004851930309087038 -0.1977967768907547 0.07761530578136444 
v 0.05786358565092087 -0.1661713719367981 0.08351638168096542 
v -0.2898084223270416 -0.22499309480190277 0.13181516528129578 
v -0.2901628911495209 -0.45666444301605225 0.1057833880186081 
v 0.30150270462036133 -0.5858798027038574 0.10592088848352432 
v -0.24440623819828033 -0.7657999992370605 0.1094377189874649 
v -0.21679316461086273 -0.8917774558067322 0.06404292583465576 
v -0.11496227979660034 -0.8848611116409302 0.14370250701904297 
v 0.011484207585453987 0.8933620452880859 0.04687395691871643 
v -0.20282472670078278 0.8380153775215149 0.020533254370093346 
v 0.25264450907707214 0.7681238651275635 0.052680496126413345 
v 0.28036749362945557 0.6359357833862305 0.05373334512114525 
v -0.06314308196306229 0.03255733102560043 0.0566149465739727 
v 0.17220468819141388 0.013387897051870823 0.05746649578213692 
v -0.005043916404247284 0.00462704710662365 0.06302663683891296 
v 0.05410530045628548 -0.02946857362985611 0.04965736344456673 
v -0.2194313108921051 -0.09441907703876495 0.05579189211130142 
v -0.10718060284852982 -0.15800653398036957 0.062231000512838364 
v -0.01907891407608986 -0.1313532590866089 0.05103477090597153 
v -0.019226673990488052 -0.20766952633857727 0.057193368673324585 
v -0.2920067608356476 -0.25883248448371887 0.05052974075078964 
v 0.3236784040927887 -0.29072698950767517 0.0492359921336174 
v -0.3448217809200287 -0.2946688234806061 0.04332730919122696 
v -0.2813597023487091 -0.31128764152526855 0.05520998686552048 
v 0.438398540019989 -0.45964643359184265 0.06577243655920029 
v 0.34832626581192017 -0.4732569456100464 0.056000325828790665 
v 0.3729071021080017 -0.5064557790756226 0.07655096799135208 
v -0.28934338688850403 -0.8103395700454712 0.06992077827453613 
v -0.25620922446250916 -0.8607680201530457 0.041121356189250946 
v 0.29078909754753113 0.5368314385414124 0.028693953529000282 
v -0.26272305846214294 0.38250669836997986 0.06414663791656494 
v -0.21970544755458832 0.26850906014442444 0.01789774000644684 
v -0.19945639371871948 0.21641996502876282 0.03958440199494362 
v 0.13174474239349365 0.11876778304576874 0.061626967042684555 
v -0.09473389387130737 0.1093994528055191 0.020175006240606308 
v -0.19374528527259827 0.050782881677150726 0.029397880658507347 
v -0.16986985504627228 0.05369771644473076 0.04223025217652321 
v 0.09664437919855118 0.05307762697339058 0.004026259295642376 
v 0.09799913316965103 0.019669026136398315 0.023652726784348488 
v -0.20605455338954926 -0.037354275584220886 0.041013672947883606 
v 0.25840529799461365 -0.13379588723182678 0.0338875874876976 
v -0.391166627407074 -0.33837443590164185 0.02467307820916176 
v -0.45353272557258606 -0.6090295910835266 -0.02840864099562168 
v -0.36118194460868835 -0.7080780267715454 0.013455742970108986 
v -0.27615413069725037 -0.7825601100921631 0.051614582538604736 
v -0.3361057639122009 0.3913284242153168 -0.023617608472704887 
v -0.2675798833370209 0.3891814947128296 -0.004031696822494268 
v 0.15552455186843872 0.14157734811306 0.003105728654190898 
v -0.2133021205663681 0.007182507775723934 0.024427711963653564 
v 0.2591214179992676 -0.04057368263602257 0.017155593261122704 
v 0.32892778515815735 -0.32494503259658813 0.013999560847878456 
v -0.3851187825202942 -0.41402801871299744 -0.024308113381266594 
v 0.3220254182815552 -0.7361725568771362 -0.005972304847091436 
v -0.25192466378211975 -0.7942148447036743 -0.014988156966865063 
v 0.265082985162735 -0.7888625264167786 0.01119269710034132 
v 0.2171270102262497 -0.8413580656051636 -0.01840120181441307 
v -0.03703227639198303 -0.8398224115371704 0.000817135616671294 
v -0.29632484912872314 0.4827999472618103 0.0014427098212763667 
v -0.3382417857646942 0.41383111476898193 -0.057046253234148026 
v 0.3106845021247864 0.2973353862762451 -0.058358218520879745 
v 0.14409062266349792 0.13383448123931885 -0.03924575820565224 
v 0.2507725954055786 0.06659611314535141 -0.024920403957366943 
v -0.237766832113266 0.004034568555653095 -0.050309352576732635 
v 0.35623809695243835 -0.241954043507576 -0.0424923375248909 
v -0.392486572265625 -0.437355101108551 -0.002744333352893591 
v 0.2794601619243622 -0.7681707739830017 -0.0037757910322397947 
v -0.05953085795044899 -0.8889567852020264 0.01159084215760231 
v -0.0014458729419857264 0.9077637791633606 -0.09911206364631653 
v 0.15596772730350494 0.8620703220367432 -0.10018695145845413 
v 0.2956441044807434 0.42448747158050537 -0.07333145290613174 
v -0.289430171251297 0.4121159017086029 -0.08610602468252182 
v 0.29488080739974976 0.43327730894088745 -0.10172141343355179 
v -0.30230966210365295 0.30262109637260437 -0.08997134864330292 
v -0.2130054086446762 0.2634838819503784 -0.08518155664205551 
v 0.15549415349960327 0.21904796361923218 -0.10576539486646652 
v -0.10945740342140198 0.12189486622810364 -0.0874820351600647 
v -0.2455408126115799 -0.011810527183115482 -0.0672730803489685 
v -0.31663528084754944 -0.13176660239696503 -0.07435717433691025 
v -0.3375154733657837 -0.2013521045446396 -0.052149128168821335 
v 0.3340788781642914 -0.19279591739177704 -0.013643286190927029 
v 0.40215277671813965 -0.32619509100914 -0.07427916675806046 
v 0.4022533595561981 -0.34864625334739685 -0.07867714017629623 
v 0.3832213878631592 -0.6767902970314026 -0.10334765911102295 
v -0.2917235791683197 -0.7457754015922546 -0.1041543185710907 
v -0.08164668083190918 -0.8155166506767273 -0.10213375091552734 
v 0.19131240248680115 -0.8725582361221313 -0.07113784551620483 
v -0.21406787633895874 0.8042488694190979 -0.16938044130802155 
v -0.26798591017723083 0.3698570430278778 -0.1079431027173996 
v -0.1500987559556961 0.11332932114601135 -0.12434642016887665 
v -0.07196551561355591 0.1291036456823349 -0.1067735105752945 
v 0.10209223628044128 0.12233320623636246 -0.12058231979608536 
v 0.15192045271396637 0.12285972386598587 -0.12021327018737793 
v -0.29633983969688416 -0.08012708276510239 -0.07011961191892624 
v -0.29466021060943604 -0.1452709436416626 -0.11273909360170364 
v -0.34912702441215515 -0.2528689205646515 -0.0770450159907341 
v 0.37027227878570557 -0.2482742965221405 -0.0773293599486351 
v -0.44999614357948303 -0.5449647903442383 -0.0961051806807518 
v -0.3067973852157593 -0.5758746862411499 -0.12806911766529083 
v -0.06677860766649246 -0.755260169506073 -0.13730646669864655 
v 0.08130314201116562 -0.7860832214355469 -0.09103415161371231 
v 0.13687969744205475 -0.8105515837669373 -0.12066201865673065 
v 0.1993253380060196 -0.8496816754341125 -0.10589338093996048 
v -0.23131611943244934 -0.8557634949684143 -0.09416517615318298 
v -0.12029989808797836 -0.8687721490859985 -0.10194774717092514 
v 0.10128804296255112 -0.849571168422699 -0.10789471864700317 
v -0.13959048688411713 0.8517569899559021 -0.15393275022506714 
v 0.270950585603714 0.36591097712516785 -0.152498260140419 
v 0.2945478856563568 -0.36041495203971863 -0.15405020117759705 
v 0.3190327286720276 -0.44315776228904724 -0.13762414455413818 
v 0.3325170576572418 -0.49991053342819214 -0.14027763903141022 
v 0.3462064266204834 -0.5107499957084656 -0.13663893938064575 
v -0.3179917633533478 -0.5468445420265198 -0.1515427976846695 
v -0.2585172951221466 -0.6121468544006348 -0.1489228755235672 
v -0.3080076277256012 -0.6969747543334961 -0.13603557646274567 
v -0.17154954373836517 -0.7414044141769409 -0.12771441042423248 
v 0.0844985842704773 -0.7511426210403442 -0.12210825085639954 
v 0.28753092885017395 0.638009250164032 -0.13589301705360413 
v 0.2029391974210739 -0.02667064219713211 -0.1937907189130783 
v -0.26472392678260803 -0.13344211876392365 -0.16151975095272064 
v 0.3769288659095764 -0.6472175121307373 -0.1615157425403595 
v 0.14620088040828705 -0.7248671650886536 -0.1900104135274887 
v 0.1647833287715912 -0.7290557622909546 -0.1904931366443634 
v 0.20566502213478088 0.786085844039917 -0.2308603972196579 
v 0.25495052337646484 0.47791510820388794 -0.23189012706279755 
v -0.24934640526771545 0.44595688581466675 -0.2212497591972351 
v 0.2455863654613495 0.38052594661712646 -0.21332046389579773 
v -0.13128690421581268 0.23427538573741913 -0.20186395943164825 
v -0.20230022072792053 -0.09530231356620789 -0.19704517722129822 
v -0.24900664389133453 -0.3214135766029358 -0.22341272234916687 
v -0.303470253944397 -0.4953644871711731 -0.20046672224998474 
v 0.10670359432697296 -0.6730269193649292 -0.20508190989494324 
v 0.21778084337711334 -0.6656433343887329 -0.22991761565208435 
v -0.0898360088467598 0.10075998306274414 -0.2566482424736023 
v 0.19818150997161865 0.014475800096988678 -0.21627658605575562 
v 0.2927098870277405 -0.5020114779472351 -0.24214120209217072 
v 0.21539804339408875 -0.6016198396682739 -0.263457328081131 
v -0.10841135680675507 -0.6465528011322021 -0.25610682368278503 
v 0.0031993857119232416 0.828474223613739 -0.25671109557151794 
v 0.1868198961019516 0.7328881025314331 -0.28632497787475586 
v 0.08306880295276642 0.04606246203184128 -0.2791988253593445 
v -0.08103767782449722 0.006469803862273693 -0.2624935507774353 
v -0.1565016359090805 -0.33023616671562195 -0.28516241908073425 
v -0.17488563060760498 -0.5336423516273499 -0.2909073233604431 
v -0.14463603496551514 -0.603135883808136 -0.2684374749660492 
v -0.043152496218681335 -0.5605212450027466 -0.29257121682167053 
v 0.05653436481952667 -0.6133710741996765 -0.2881025969982147 
v -0.09564538300037384 0.6739189624786377 -0.3338395953178406 
v 0.1846601814031601 0.6250798106193542 -0.3190990090370178 
v 0.06996019929647446 0.2683470547199249 -0.2760007679462433 
v 0.14083045721054077 -0.34046176075935364 -0.3010801076889038 
v 0.03319031372666359 -0.34842395782470703 -0.30674314498901367 
v -0.04018674045801163 -0.5037384033203125 -0.31218379735946655 
v 0.011596851982176304 -0.5181710720062256 -0.3144278824329376 
v -0.05414952337741852 0.6254592537879944 -0.3590083420276642 
v 0.042953185737133026 0.5696292519569397 -0.36788928508758545 
v 0.10667691379785538 0.5204066634178162 -0.3598252236843109 
v -0.10689672082662582 0.4439534842967987 -0.3350578546524048 
v 0.03340773656964302 0.38044875860214233 -0.34309878945350647 
v 0.17498543858528137 -0.512597382068634 -0.3113923966884613 
v 0.12977485358715057 0.42461732029914856 -0.3311331570148468 
v 0.022956445813179016 -0.569087564945221 -0.292503297328949 
v 0.07657473534345627 -0.4232000410556793 -0.31478768587112427 
v 0.20637497305870056 -0.3522166907787323 -0.2887944281101227 
v -0.09207555651664734 0.30223527550697327 -0.28750088810920715 
v -0.13134507834911346 0.36496084928512573 -0.2999924421310425 
v -0.1978471279144287 0.36597543954849243 -0.26225003600120544 
v 0.0018929572543129325 -0.05309433117508888 -0.274900883436203 
v -0.02633686363697052 0.054888155311346054 -0.2826972007751465 
v -0.29464277625083923 -0.558133065700531 -0.20342177152633667 
v -0.18767152726650238 -0.16356568038463593 -0.23639899492263794 
v -0.13749155402183533 -0.020340362563729286 -0.22814466059207916 
v -0.15180957317352295 0.09955808520317078 -0.20847591757774353 
v -0.07908640056848526 0.2074771523475647 -0.1990220546722412 
v 0.08363128453493118 0.24253059923648834 -0.24714495241641998 
v 0.2453906238079071 0.7463480830192566 -0.19021236896514893 
v -0.048148225992918015 -0.6868408918380737 -0.21742388606071472 
v -0.15488606691360474 -0.6829043626785278 -0.19488421082496643 
v 0.30543822050094604 -0.6560999751091003 -0.20529718697071075 
v 0.3119957149028778 -0.5686765313148499 -0.17792746424674988 
v -0.20747476816177368 -0.15129566192626953 -0.2181139439344406 
v 0.20919384062290192 0.06377733498811722 -0.2211485207080841 
v -0.15473352372646332 0.08429138362407684 -0.23581890761852264 
v 0.12126656621694565 0.2150750309228897 -0.19662776589393616 
v 0.2906774580478668 0.4943333566188812 -0.1345505714416504 
v 0.15174277126789093 0.826187014579773 -0.22517871856689453 
v 0.08051231503486633 -0.7254855036735535 -0.168694868683815 
v 0.38237082958221436 -0.5517531037330627 -0.16237927973270416 
v 0.30206286907196045 -0.3456379473209381 -0.1510612666606903 
v 0.27293336391448975 -0.23177427053451538 -0.17467975616455078 
v 0.2986912429332733 -0.12720298767089844 -0.16095751523971558 
v -0.20403677225112915 -0.0343439057469368 -0.16170631349086761 
v -0.03945165127515793 0.11073604971170425 -0.1787002980709076 
v -0.18643535673618317 0.25454962253570557 -0.14042235910892487 
v -0.1102340891957283 -0.773399293422699 -0.1251072734594345 
v -0.2468983232975006 -0.697895348072052 -0.1359691470861435 
v -0.30943116545677185 -0.6635858416557312 -0.14148399233818054 
v 0.40604841709136963 -0.6010389924049377 -0.15758761763572693 
v 0.4572865664958954 -0.46267691254615784 -0.10589204728603363 
v 0.34971675276756287 0.4020991027355194 -0.12941868603229523 
v 0.27120938897132874 0.7821288108825684 -0.043579574674367905 
v 0.20819638669490814 0.8196752071380615 -0.17265497148036957 
v -0.03362300246953964 0.8931302428245544 -0.1218290701508522 
v 0.08653780817985535 -0.8743152618408203 -0.08636391907930374 
v -0.0054763564839959145 -0.7900885939598083 -0.06409526616334915 
v 0.499568909406662 -0.4999980032444 -0.09455225616693497 
v -0.34018492698669434 -0.5425812005996704 -0.10491380095481873 
v -0.3173739016056061 -0.4618132710456848 -0.08555487543344498 
v 0.3999796509742737 -0.4617912769317627 -0.11171665787696838 
v -0.3376148045063019 -0.3139386773109436 -0.10314465314149857 
v 0.24539817869663239 0.004837846849113703 -0.08910896629095078 
v 0.20362791419029236 0.11225235462188721 -0.10301640629768372 
v -0.08771473914384842 0.18178044259548187 -0.11882218718528748 
v 0.21906732022762299 0.2751389741897583 -0.12143929302692413 
v 0.32561421394348145 0.3083043098449707 -0.1379302740097046 
v -0.2708682417869568 0.3414718508720398 -0.10961760580539703 
v -0.28238624334335327 0.4200727641582489 -0.0881517231464386 
v -0.2924555540084839 0.5395259261131287 -0.10821637511253357 
v 0.49759259819984436 -0.5743749141693115 -0.05281732603907585 
v 0.20106691122055054 0.0883687436580658 -0.050421591848134995 
v 0.19304554164409637 0.16344593465328217 -0.029928093776106834 
v -0.34900394082069397 0.37363842129707336 -0.0799894854426384 
v -0.2916073501110077 0.47367149591445923 -0.07135023176670074 
v -0.25631362199783325 0.7610229849815369 -0.08092869818210602 
v 0.24158239364624023 0.8192350268363953 -0.06995753943920135 
v -0.20092734694480896 0.8384676575660706 -0.0727372020483017 
v 0.5200785398483276 -0.502484917640686 -0.0356285534799099 
v 0.5053722262382507 -0.4650953710079193 -0.04741169884800911 
v 0.37774115800857544 -0.4405703544616699 -0.045467719435691833 
v -0.39058414101600647 -0.32199305295944214 -0.046651896089315414 
v -0.3528236448764801 -0.26042255759239197 0.03067784756422043 
v -0.1221417710185051 0.12266194075345993 -0.012651057913899422 
v -0.03999292850494385 -0.8898674249649048 0.02369406819343567 
v 0.24905459582805634 -0.8912695646286011 0.010733332484960556 
v -0.5143306851387024 -0.5424628853797913 0.04209430143237114 
v -0.4988093376159668 -0.5205851793289185 -0.040924858301877975 
v -0.3207804560661316 -0.39467892050743103 -0.004345407243818045 
v 0.353547602891922 -0.26385369896888733 -0.011197171173989773 
v -0.3373756408691406 -0.2082405686378479 0.007559232879430056 
v -0.2629578113555908 0.03966034576296806 -0.017585812136530876 
v -0.28029975295066833 0.41821563243865967 -0.003417527535930276 
v -0.2781416177749634 0.42482906579971313 0.02980900928378105 
v 0.2577062249183655 0.8011132478713989 -0.01253790594637394 
v -0.2410144954919815 0.802075207233429 -0.028226913884282112 
v 0.3330424427986145 -0.39299753308296204 0.007480050437152386 
v 0.34524691104888916 -0.24028204381465912 0.002546890638768673 
v 0.30349281430244446 -0.17592111229896545 0.03963179886341095 
v -0.31304237246513367 -0.21106477081775665 0.03015116974711418 
v 0.018191521987318993 -0.11623428016901016 0.05241566151380539 
v -0.11442836374044418 -0.09545539319515228 0.054920703172683716 
v 0.22396579384803772 0.04905623570084572 0.026347925886511803 
v -0.1726560890674591 0.0333515927195549 0.048257313668727875 
v -0.029598688706755638 0.08770164847373962 0.056662119925022125 
v -0.2762218117713928 0.6675118207931519 0.02593277022242546 
v -0.26141223311424255 -0.8581556677818298 0.07975409924983978 
v 0.32777637243270874 -0.7818456888198853 0.06064935773611069 
v 0.32642826437950134 -0.7718498110771179 0.08892620354890823 
v 0.3652378022670746 -0.4583546817302704 0.03949032723903656 
v -0.2743481695652008 -0.3977015018463135 0.060377318412065506 
v 0.08302255719900131 -0.094536691904068 0.06584151834249496 
v -0.116282619535923 0.02700723148882389 0.060281455516815186 
v 0.07432502508163452 0.10319894552230835 0.1210516169667244 
v 0.2516399919986725 0.31106552481651306 0.08500593900680542 
v 0.38692426681518555 -0.8214141726493835 0.11435521394014359 
v -0.3043396472930908 -0.7405110597610474 0.1037868782877922 
v 0.2650371193885803 -0.6936615705490112 0.12794338166713715 
v 0.36414700746536255 -0.626223087310791 0.11593110859394073 
v -0.41330602765083313 -0.6565423607826233 0.10587666183710098 
v -0.38833412528038025 -0.45423340797424316 0.13126227259635925 
v -0.4252123534679413 -0.4276531934738159 0.10427452623844147 
v 0.16186213493347168 -0.17637650668621063 0.13618157804012299 
v -0.07142607867717743 0.11546167731285095 0.12139033526182175 
v 0.26642680168151855 0.40049898624420166 0.04576621204614639 
v -0.2276017665863037 0.5667651295661926 0.1180247813463211 
v 0.19242168962955475 0.7923194169998169 0.10959978401660919 
v 0.11989093571901321 -0.8660163283348083 0.1540547013282776 
v -0.27053821086883545 -0.8677510023117065 0.14778031408786774 
v 0.35841208696365356 -0.7502740025520325 0.15511217713356018 
v -0.05318019539117813 -0.685105562210083 0.1255844235420227 
v 0.26722416281700134 -0.6444833874702454 0.12677037715911865 
v -0.19677162170410156 -0.6427060961723328 0.1381942182779312 
v 0.2488243132829666 -0.609436571598053 0.1130085289478302 
v -0.2929840683937073 -0.6281554698944092 0.15487699210643768 
v -0.2724030315876007 -0.5808596014976501 0.1491629034280777 
v -0.42657265067100525 -0.5961105227470398 0.16885550320148468 
v -0.4967636168003082 -0.5549324750900269 0.10893560200929642 
v -0.4987262785434723 -0.47696685791015625 0.13217966258525848 
v 0.10892420262098312 0.2069232016801834 0.1564141809940338 
v 0.19431787729263306 0.26818299293518066 0.15258903801441193 
v 0.15056753158569336 0.33089274168014526 0.16281618177890778 
v -0.20939649641513824 0.31812363862991333 0.12796470522880554 
v 0.19853302836418152 0.422974556684494 0.15584690868854523 
v 0.12295161187648773 0.8205029368400574 0.1371263712644577 
v -0.025568386539816856 -0.7607765793800354 0.1772894263267517 
v -0.18506932258605957 -0.5683166980743408 0.16837471723556519 
v 0.16876110434532166 -0.5109149217605591 0.1736697405576706 
v -0.08874421566724777 -0.5134434700012207 0.18783539533615112 
v -0.2663716971874237 -0.29997408390045166 0.16254626214504242 
v 0.061113592237234116 -0.2413562387228012 0.17583806812763214 
v 0.022898215800523758 0.16577363014221191 0.17810216546058655 
v -0.06786330789327621 0.2078479826450348 0.15922951698303223 
v 0.12327249348163605 0.24916285276412964 0.18001008033752441 
v -0.10451438277959824 0.33715909719467163 0.1716737151145935 
v 0.05874788761138916 0.3712165951728821 0.20010630786418915 
v -0.2182397097349167 0.48444440960884094 0.17172645032405853 
v -0.19687937200069427 0.5583362579345703 0.1579686999320984 
v -0.11714238673448563 -0.8801470398902893 0.21631111204624176 
v 0.16236209869384766 -0.7798594236373901 0.20585408806800842 
v 0.44680964946746826 -0.726173996925354 0.21082386374473572 
v -0.11339407414197922 -0.4327636659145355 0.19741560518741608 
v 0.07440304756164551 0.26175060868263245 0.21302272379398346 
v 0.0782574936747551 0.49113601446151733 0.1997537910938263 
v -0.1601799726486206 0.571782648563385 0.19879615306854248 
v 0.03705725446343422 0.6999921202659607 0.20771552622318268 
v -0.11698228120803833 -0.8585573434829712 0.23465070128440857 
v 0.4152939021587372 -0.712716281414032 0.267182856798172 
v 0.0957719162106514 0.5218498110771179 0.2502876818180084 
v -0.06565184891223907 0.6003642082214355 0.26590651273727417 
v -0.008030935190618038 0.6345755457878113 0.23006734251976013 
v -0.037970755249261856 0.6211780905723572 0.22437864542007446 
v -0.16820590198040009 0.5003464818000793 0.2930964231491089 
v -0.16208767890930176 -0.802449643611908 0.32220345735549927 
v -0.13648642599582672 0.5152972936630249 0.31958889961242676 
v -0.003710339078679681 0.5366235971450806 0.31990838050842285 
v 0.05317120999097824 0.5558828711509705 0.3573268949985504 
v 0.04958077520132065 -0.6343201994895935 -0.27713385224342346 
v -0.21054548025131226 -0.5592280626296997 -0.26972442865371704 
v -0.19533737003803253 0.4376015365123749 -0.2812560796737671 
v -0.20414313673973083 0.7597650289535522 -0.2365739941596985 
v 0.3305707275867462 -0.5772289037704468 -0.17300041019916534 
v 0.17381644248962402 0.0927639976143837 -0.19029611349105835 
v -0.2005307376384735 0.3102693557739258 -0.21011106669902802 
v 0.32020023465156555 -0.5388187170028687 -0.1501275599002838 
v -0.31172317266464233 -0.4469320774078369 -0.14791445434093475 
v 0.2646830677986145 0.07126451283693314 -0.16585150361061096 
v -0.22741146385669708 0.0750584602355957 -0.16798608005046844 
v 0.19950148463249207 0.26064157485961914 -0.14680059254169464 
v 0.3277518153190613 0.36500659584999084 -0.16850417852401733 
v -0.27755025029182434 0.4908122420310974 -0.1690850853919983 
v -0.3636760711669922 -0.6215364336967468 -0.13184905052185059 
v 0.3167749047279358 -0.12363600730895996 -0.13371093571186066 
v -0.02884250320494175 0.12567594647407532 -0.12660691142082214 
v 0.32741793990135193 0.40424251556396484 -0.15566276013851166 
v 0.052567292004823685 0.8871683478355408 -0.13002915680408478 
v 0.21515515446662903 -0.7647665739059448 -0.09937381744384766 
v -0.3071286976337433 -0.40917032957077026 -0.10565051436424255 
v 0.13926120102405548 -0.8804410696029663 -0.08960612863302231 
v 0.40214627981185913 -0.33701980113983154 -0.056138213723897934 
v 0.2802554965019226 0.07107991725206375 -0.05449274927377701 
v 0.22859390079975128 0.24304229021072388 -0.0772302895784378 
v -0.16043011844158173 0.22191838920116425 -0.07551740109920502 
v -0.3826043903827667 -0.2835547626018524 -0.0168966855853796 
v -0.3137577474117279 -0.14555004239082336 -0.002415281254798174 
v -0.2709590196609497 0.31939825415611267 0.005987101700156927 
v -0.17264963686466217 -0.8989535570144653 0.09300556033849716 
v -0.31267091631889343 -0.4774705767631531 0.04025726392865181 
v -0.34903842210769653 -0.4559440016746521 0.01938416063785553 
v -0.16004329919815063 0.17809252440929413 0.10884092003107071 
v 0.26160675287246704 0.2704746723175049 0.014246221631765366 
v 0.10320448875427246 -0.8698388934135437 0.09784545004367828 
v -0.18626032769680023 -0.19028304517269135 0.0708320140838623 
v 0.13136260211467743 -0.15515419840812683 0.08192586153745651 
v 0.24436494708061218 -0.7202584147453308 0.10659388452768326 
v 0.22612203657627106 0.24882256984710693 0.12547536194324493 
v -0.22196649014949799 0.44407919049263 0.12845464050769806 
v 0.26123473048210144 -0.7191265821456909 0.1279943883419037 
v 0.16501280665397644 -0.674940288066864 0.12840710580348969 
v 0.15963999927043915 -0.5777254104614258 0.15091541409492493 
v -0.2936517596244812 -0.40289607644081116 0.11339125782251358 
v 0.14853189885616302 0.1540556102991104 0.11698197573423386 
v 0.26127496361732483 -0.9058567881584167 0.15260674059391022 
v -0.4608401656150818 -0.5459884405136108 0.17778266966342926 
v -0.13814885914325714 0.39655378460884094 0.15832985937595367 
v -0.23277650773525238 0.5182355046272278 0.18458430469036102 
v 0.13837110996246338 0.49920570850372314 0.20670603215694427 
v 0.27293217182159424 0.5296643376350403 0.2153020054101944 
v -0.07970522344112396 0.6069459319114685 0.21833044290542603 
v -0.2092137336730957 0.489484041929245 0.2295837104320526 
v 0.04121679812669754 0.5266425013542175 0.2581731379032135 
v -0.09855677932500839 0.5459301471710205 0.3514067530632019 
v 0.025073297321796417 0.3259429335594177 -0.31772473454475403 
v 0.009784226305782795 0.7498195171356201 -0.32518211007118225 
v 0.14999166131019592 -0.23786960542201996 -0.28097525238990784 
v 0.21054209768772125 0.5406864881515503 -0.29971909523010254 
v -0.1663540154695511 0.7518461346626282 -0.2664375305175781 
v 0.13991136848926544 -0.640173077583313 -0.2733822762966156 
v 0.013009099289774895 -0.6541868448257446 -0.252410888671875 
v -0.015388322994112968 -0.13121414184570312 -0.2448684722185135 
v 0.12208393216133118 0.3075481951236725 -0.2864312529563904 
v 0.18339402973651886 0.37582680583000183 -0.2838766872882843 
v 0.2393646389245987 -0.28661662340164185 -0.23784692585468292 
v -0.24998365342617035 -0.2675863206386566 -0.1824617236852646 
v 0.2197960913181305 -0.15866397321224213 -0.23454463481903076 
v 0.24110397696495056 0.09246561676263809 -0.1781093031167984 
v 0.09586552530527115 0.19485828280448914 -0.17359764873981476 
v -0.001896191039122641 0.8997250199317932 -0.13943134248256683 
v 0.24859555065631866 -0.7348541021347046 -0.17605797946453094 
v 0.13543076813220978 -0.7579438090324402 -0.12921378016471863 
v -0.23731200397014618 -0.17723926901817322 -0.1782303899526596 
v 0.2849602997303009 -0.051787495613098145 -0.14955712854862213 
v 0.2581269145011902 0.03613230958580971 -0.1560523509979248 
v 0.2783961892127991 0.0898742824792862 -0.12254660576581955 
v 0.030142758041620255 0.11936367303133011 -0.14412906765937805 
v 0.10415304452180862 0.17610080540180206 -0.12176559120416641 
v 0.031042061746120453 0.15024757385253906 -0.13384363055229187 
v -0.25732237100601196 0.6999453902244568 -0.19372838735580444 
v 0.27981963753700256 -0.7572102546691895 -0.05966474488377571 
v -0.37797632813453674 -0.6705920100212097 -0.10714033246040344 
v 0.43235862255096436 -0.6414772272109985 -0.05185765027999878 
v -0.39883700013160706 -0.5927808284759521 -0.11673353612422943 
v -0.32154563069343567 0.3890906274318695 -0.10179974883794785 
v -0.3139807879924774 0.346493124961853 -0.10720794647932053 
v -0.2553836703300476 -0.8628935217857361 -0.04663127288222313 
v -0.061167217791080475 -0.8473095893859863 -0.05815225839614868 
v 0.03842967003583908 -0.8179588317871094 -0.0412537083029747 
v -0.3804456293582916 -0.681740403175354 -0.06551418453454971 
v 0.42974239587783813 -0.4331231415271759 -0.05181018263101578 
v -0.18377265334129333 0.12506374716758728 -0.09182488918304443 
v 0.14038453996181488 0.14456899464130402 -0.07532531023025513 
v -0.27044546604156494 0.2689475417137146 -0.035018473863601685 
v 0.1985340714454651 -0.8776907920837402 -0.021756712347269058 
v -0.2652004659175873 -0.767251193523407 -0.010628989897668362 
v -0.48187455534935 -0.47364088892936707 -0.03924323618412018 
v 0.24550563097000122 0.014954650774598122 -0.010268758051097393 
v -0.32939499616622925 0.32363441586494446 -0.030091337859630585 
v 0.3073604702949524 0.3888477087020874 -0.001966536743566394 
v 0.03326430171728134 0.8925522565841675 -0.03497016429901123 
v 0.06353756040334702 -0.8493536710739136 0.002043916843831539 
v 0.4655493497848511 -0.6195876002311707 0.020350134000182152 
v -0.2705700695514679 -0.05986674502491951 0.004943535663187504 
v -0.24842232465744019 0.04768160358071327 0.010247880592942238 
v -0.21089975535869598 0.24010899662971497 -0.03913991153240204 
v 0.0687742680311203 -0.8517591953277588 0.04996034502983093 
v 0.4061415493488312 -0.6817440986633301 0.03855041787028313 
v 0.5087379217147827 -0.5587985515594482 0.03140360116958618 
v -0.4032852053642273 -0.4261077046394348 0.023470768705010414 
v -0.38021689653396606 -0.31179720163345337 0.01858397014439106 
v 0.18126517534255981 -0.08802683651447296 0.05192885920405388 
v -0.08572383970022202 -0.01609606295824051 0.057578787207603455 
v -0.1934998631477356 0.008241069503128529 0.05097223073244095 
v 0.0013579431688413024 0.06027751788496971 0.04204157739877701 
v 0.2652287185192108 0.3107262849807739 0.030474789440631866 
v 0.2796805799007416 0.48169562220573425 0.0587671659886837 
v 0.2768798768520355 0.7353014349937439 0.029901854693889618 
v 0.29175475239753723 -0.7788184881210327 0.042268626391887665 
v -0.29259392619132996 -0.7600741386413574 0.05572625994682312 
v 0.5137700438499451 -0.4977874159812927 0.04626106098294258 
v -0.18302476406097412 -0.08877931535243988 0.06700584292411804 
v -0.2791726887226105 -0.7644106149673462 0.07578788697719574 
v 0.3609524369239807 -0.6960670351982117 0.0832139328122139 
v -0.3779677450656891 -0.6954527497291565 0.08311321586370468 
v 0.32499855756759644 -0.5295129418373108 0.09043890982866287 
v 0.29354631900787354 -0.47363710403442383 0.14445051550865173 
v -0.24882763624191284 0.7807703614234924 0.04325142875313759 
v 0.0960189551115036 0.8575100302696228 0.10560516268014908 
v -0.2671594023704529 -0.764660120010376 0.18456614017486572 
v 0.012536706402897835 -0.6204460859298706 0.1318739354610443 
v -0.2331862449645996 -0.6132680177688599 0.1305287480354309 
v 0.2332714945077896 -0.5634549260139465 0.15893888473510742 
v -0.27898603677749634 -0.44298097491264343 0.1390448361635208 
v -0.05077478289604187 -0.18315789103507996 0.1524977833032608 
v -0.2310251146554947 -0.17996425926685333 0.14299678802490234 
v 0.11707089841365814 0.18140996992588043 0.14658650755882263 
v -0.12918418645858765 0.20058956742286682 0.16803893446922302 
v -0.20803704857826233 0.3888338804244995 0.14333485066890717 
v -0.20746266841888428 0.6885501742362976 0.13562262058258057 
v -0.17253835499286652 -0.7065826654434204 0.14407749474048615 
v 0.3338588774204254 -0.7203555107116699 0.20927643775939941 
v -0.12970192730426788 -0.6064936518669128 0.16761182248592377 
v 0.06770935654640198 0.2960033714771271 0.18453055620193481 
v 0.01257141213864088 0.3007119297981262 0.18491992354393005 
v -0.1615447700023651 0.7255496978759766 0.1597672402858734 
v 0.03193354606628418 0.4189097285270691 0.20541329681873322 
v -0.08401727676391602 0.6838253736495972 0.19834798574447632 
v -0.20816397666931152 -0.8915305137634277 0.2738841772079468 
v -0.1639283448457718 -0.8706679940223694 0.2770209312438965 
v 0.36517515778541565 -0.7212626934051514 0.29302236437797546 
v -0.058878183364868164 0.5095129609107971 -0.36065560579299927 
v -0.026910388842225075 0.382693886756897 -0.33930251002311707 
v 0.07726021111011505 0.759850800037384 -0.3193427622318268 
v -0.0982540026307106 0.7814401388168335 -0.28103944659233093 
v -0.0931493267416954 -0.2502917945384979 -0.27969443798065186 
v -0.025730982422828674 0.0955018550157547 -0.25735214352607727 
v 0.24295736849308014 0.4359419643878937 -0.24051699042320251 
v -0.18777558207511902 -0.6328770518302917 -0.24281321465969086 
v 0.2014036923646927 0.07494845241308212 -0.2253473550081253 
v -0.24923938512802124 0.6330235004425049 -0.2338317185640335 
v -0.10213922709226608 -0.7287014722824097 -0.18630440533161163 
v 0.36610937118530273 -0.5952640175819397 -0.18126824498176575 
v 0.23161308467388153 -0.08436857908964157 -0.20638175308704376 
v -0.20925500988960266 0.0289407167583704 -0.1757267862558365 
v 0.1970897912979126 0.3043230473995209 -0.21480786800384521 
v -0.23600761592388153 0.3774881064891815 -0.2102508842945099 
v 0.27898886799812317 0.5216882228851318 -0.20646020770072937 
v 0.007542273961007595 -0.7030470371246338 -0.17903870344161987 
v 0.3754122853279114 -0.521891176700592 -0.14467570185661316 
v -0.10222713649272919 0.10703478008508682 -0.13447250425815582 
v 0.3599960207939148 -0.49402686953544617 -0.13898204267024994 
v -0.2894965410232544 -0.3652779161930084 -0.12475662678480148 
v -0.291851669549942 -0.21838700771331787 -0.1342313289642334 
v -0.2828003168106079 0.6263295412063599 -0.14952215552330017 
v 0.33360880613327026 -0.4213358461856842 -0.1258038580417633 
v -0.32137060165405273 -0.4132012128829956 -0.08222905546426773 
v 0.2841358780860901 0.049466729164123535 -0.07549145072698593 
v -0.1484673172235489 0.1347910463809967 -0.08682859688997269 
v -0.25163787603378296 0.332501083612442 -0.11580751091241837 
v 0.3038310706615448 0.48284614086151123 -0.08786767721176147 
v 0.07194183021783829 -0.8474915623664856 -0.07334920018911362 
v 0.2199610024690628 -0.8061791658401489 -0.06945180147886276 
v -0.21063727140426636 -0.8025029897689819 -0.07380316406488419 
v -0.36599746346473694 -0.44479361176490784 -0.044273316860198975 
v 0.34928712248802185 -0.21770496666431427 -0.08317198604345322 
v 0.09304175525903702 -0.8788197636604309 -0.06727767735719681 
v 0.258782297372818 0.04467090219259262 -0.0045848083682358265 
v -0.26585251092910767 0.08177731931209564 -0.059894416481256485 
v -0.14335201680660248 0.15383857488632202 -0.030650712549686432 
v -0.45813578367233276 -0.5776864290237427 -0.07754475623369217 
v -0.05506248399615288 0.09870894998311996 0.0221122894436121 
v -0.2822839021682739 0.5207235217094421 0.05379406362771988 
v 0.21151147782802582 0.8261923789978027 0.047154709696769714 
v 0.2106838822364807 0.8434528112411499 -0.07057895511388779 
v -0.24966806173324585 -0.8136313557624817 0.023694662377238274 
v 0.32239001989364624 -0.3776697516441345 0.06777747720479965 
v 0.20535023510456085 0.16417309641838074 0.05175137147307396 
v 0.21574297547340393 -0.9065719842910767 0.019476918503642082 
v 0.30706748366355896 -0.4042675793170929 0.12246332317590714 
v 0.2426728904247284 0.2219923585653305 0.053504977375268936 
v 0.2788698673248291 0.512700617313385 0.09408648312091827 
v -0.2755385935306549 0.6024770140647888 0.06448878347873688 
v -0.261947363615036 0.6779747009277344 0.06853195279836655 
v -0.22622241079807281 -0.8990716338157654 0.16539640724658966 
v 0.36307188868522644 -0.8675448298454285 0.11100955307483673 
v 0.1730225533246994 -0.8894934058189392 0.09252651780843735 
v -0.07167854905128479 -0.8895518183708191 0.0658964067697525 
v 0.023908883333206177 -0.8637548685073853 0.12658677995204926 
v 0.3008657991886139 -0.7562745809555054 0.11653076857328415 
v -0.14646582305431366 -0.1791227161884308 0.09544023871421814 
v 0.2324264943599701 0.31039488315582275 0.11700641363859177 
v 0.23024752736091614 0.40318360924720764 0.12988151609897614 
v 0.18479716777801514 -0.8749507069587708 0.14747577905654907 
v -0.04594079405069351 -0.871529757976532 0.12444081157445908 
v -0.28560250997543335 -0.7944115996360779 0.12243534624576569 
v -0.07286278903484344 -0.6521737575531006 0.13976812362670898 
v -0.1054157242178917 -0.6325264573097229 0.1494728922843933 
v 0.285389244556427 -0.5563881993293762 0.14452312886714935 
v -0.296375036239624 -0.5030418038368225 0.11070257425308228 
v 0.1803978830575943 0.3003024160861969 0.13577793538570404 
v 0.24220243096351624 0.4758591651916504 0.12090280652046204 
v 0.22538360953330994 0.4852448105812073 0.15530584752559662 
v -0.0834893062710762 0.8440897464752197 0.1308850347995758 
v 0.009337910450994968 0.8751112818717957 0.12486188858747482 
v 0.41164493560791016 -0.8590202927589417 0.19637082517147064 
v -0.012094700708985329 -0.809481680393219 0.17782242596149445 
v -0.10801011323928833 -0.761030375957489 0.20471397042274475 
v 0.25943276286125183 -0.49890100955963135 0.16420313715934753 
v -0.3990628719329834 -0.48821914196014404 0.18267317116260529 
v -0.2448667287826538 -0.20411133766174316 0.1788288950920105 
v -0.019014578312635422 0.1854279637336731 0.16925323009490967 
v -0.08236739039421082 0.23021775484085083 0.18018583953380585 
v -0.061593931168317795 0.30060097575187683 0.15837626159191132 
v -0.035576097667217255 0.8399518132209778 0.15500545501708984 
v 0.46108460426330566 -0.7329286932945251 0.22738443315029144 
v 0.1025572419166565 0.24281279742717743 0.1901138573884964 
v 0.16024677455425262 0.5043436288833618 0.21519096195697784 
v 0.20141784846782684 -0.8552711009979248 0.24492275714874268 
v -0.23153336346149445 -0.8882023692131042 0.26809248328208923 
v -0.2862359583377838 -0.7699686884880066 0.23522734642028809 
v 0.23920994997024536 0.5064862966537476 0.22682064771652222 
v 0.057009257376194 0.6273894309997559 0.23060591518878937 
v 0.3434661626815796 -0.7437511086463928 0.3114546835422516 
v -0.11073604226112366 0.5676284432411194 0.33659645915031433 
v 0.0932961255311966 0.36347973346710205 -0.32503312826156616 
v -0.12666963040828705 0.5474633574485779 -0.3401663899421692 
v -0.19531098008155823 0.518076479434967 -0.29390642046928406 
v 0.22365297377109528 0.7084013223648071 -0.2638069689273834 
v 0.11536627262830734 0.792012631893158 -0.2844964265823364 
v 0.0655984878540039 -0.6497415900230408 -0.2668085992336273 
v -0.017871052026748657 -0.6200153231620789 -0.27860403060913086 
v 0.2671866714954376 -0.4305930733680725 -0.24149703979492188 
v -0.22331978380680084 -0.4523772895336151 -0.27631068229675293 
v -0.2373078167438507 -0.43882712721824646 -0.26397061347961426 
v -0.21025270223617554 -0.34538426995277405 -0.26714858412742615 
v 0.17341521382331848 -0.12932300567626953 -0.24656280875205994 
v 0.07363984733819962 -0.11236561089754105 -0.2505752146244049 
v 0.10298343002796173 -0.009567796252667904 -0.25647059082984924 
v 0.026822403073310852 0.01644895039498806 -0.2788048982620239 
v 0.17088130116462708 0.06624314188957214 -0.24267949163913727 
v 0.05426296964287758 0.07776879519224167 -0.2686651647090912 
v -0.023495323956012726 0.07886611670255661 -0.2770593762397766 
v -0.14395254850387573 0.02967371605336666 -0.23377615213394165 
v -0.10127422958612442 0.08499336242675781 -0.2688232660293579 
v -0.07630135864019394 0.24739539623260498 -0.25073695182800293 
v 0.013265525922179222 0.24100060760974884 -0.25694742798805237 
v -0.1538880318403244 0.2952975034713745 -0.24579623341560364 
v 0.22665077447891235 0.35933950543403625 -0.23060055077075958 
v 0.19660376012325287 0.4469561278820038 -0.2956208288669586 
v -0.24068737030029297 0.48653820157051086 -0.23188108205795288 
v 0.17819799482822418 -0.6886721253395081 -0.2072179764509201 
v 0.23758576810359955 -0.6418195366859436 -0.2360626459121704 
v 0.28896093368530273 -0.5816834568977356 -0.20872735977172852 
v 0.24861766397953033 -0.551265299320221 -0.2781628668308258 
v -0.25891852378845215 -0.5542421340942383 -0.24699600040912628 
v 0.2742152810096741 -0.35351717472076416 -0.21881569921970367 
v -0.21532537043094635 -0.243761345744133 -0.24209269881248474 
v 0.23290039598941803 -0.23467068374156952 -0.24267132580280304 
v -0.10079701244831085 -0.10596228390932083 -0.23489221930503845 
v -0.09356111288070679 -0.08141270279884338 -0.23903997242450714 
v 0.14818765223026276 -0.07287738472223282 -0.22876910865306854 
v 0.08394259214401245 0.09585586935281754 -0.19890302419662476 
v -0.027204426005482674 0.09804326295852661 -0.2193087339401245 
v -0.13299976289272308 0.8207253813743591 -0.22802472114562988 
v -0.058245763182640076 0.8410736918449402 -0.22492875158786774 
v 0.28012725710868835 -0.6967487931251526 -0.2079266756772995 
v 0.02479040063917637 -0.6813080310821533 -0.20241454243659973 
v -0.24845179915428162 -0.5934300422668457 -0.21105904877185822 
v -0.26767659187316895 -0.31992360949516296 -0.1859695166349411 
v 0.26388266682624817 -0.17214587330818176 -0.18672706186771393 
v -0.16559883952140808 -0.05887477099895477 -0.18738608062267303 
v -0.20723143219947815 -0.06226559728384018 -0.17376375198364258 
v -0.19794979691505432 -0.007607710547745228 -0.17000144720077515 
v 0.23615004122257233 0.09773083031177521 -0.15877315402030945 
v 0.16324491798877716 0.08300084620714188 -0.23704582452774048 
v -0.10024391859769821 0.09419221431016922 -0.1965259462594986 
v 0.26237952709198 0.6373775005340576 -0.23530808091163635 
v -0.27785855531692505 0.5657357573509216 -0.1877056509256363 
v 0.2048117220401764 -0.7338167428970337 -0.15964962542057037 
v -0.20236581563949585 -0.6688063144683838 -0.15953931212425232 
v 0.330375611782074 -0.5570093393325806 -0.13912427425384521 
v 0.44114118814468384 -0.5131050944328308 -0.14730435609817505 
v 0.3425629138946533 -0.3790716826915741 -0.1498839557170868 
v -0.26416948437690735 -0.24733680486679077 -0.15583692491054535 
v 0.3442856967449188 -0.22065949440002441 -0.14429162442684174 
v 0.3214753270149231 -0.22595208883285522 -0.16542822122573853 
v -0.23379164934158325 -0.14026033878326416 -0.18233183026313782 
v 0.22914813458919525 -0.0004133062029723078 -0.1561095267534256 
v -0.2145370990037918 0.10399957001209259 -0.15244238078594208 
v 0.28660979866981506 0.3083312511444092 -0.15595580637454987 
v -0.261013388633728 0.3744990825653076 -0.16224552690982819 
v 0.07480494678020477 0.8579316735267639 -0.2021222561597824 
v 0.17979371547698975 -0.8584640026092529 -0.12625467777252197 
v 0.16092665493488312 -0.7587014436721802 -0.12817727029323578 
v -0.010320473462343216 -0.7485425472259521 -0.10717695206403732 
v 0.3166269361972809 -0.7259306311607361 -0.12356401979923248 
v 0.4052807688713074 -0.4875014126300812 -0.13618268072605133 
v 0.3371351659297943 -0.46691352128982544 -0.11080958694219589 
v 0.37062010169029236 -0.3328104019165039 -0.154847651720047 
v 0.37408268451690674 -0.28533875942230225 -0.1448284536600113 
v -0.28085312247276306 -0.31267866492271423 -0.13313418626785278 
v -0.2194080650806427 -0.023414764553308487 -0.13189314305782318 
v -0.2591964900493622 0.03417987748980522 -0.10149265080690384 
v 3.8179052353370935e-05 0.16591814160346985 -0.14188195765018463 
v -0.10887686163187027 0.2001667618751526 -0.16962742805480957 
v 0.24272842705249786 0.303121417760849 -0.13284654915332794 
v 0.35542938113212585 0.36675798892974854 -0.12737539410591125 
v -0.16615286469459534 -0.824433445930481 -0.1073429137468338 
v -0.0428011529147625 -0.7908903360366821 -0.09958603233098984 
v -0.4049673080444336 -0.630091667175293 -0.10470503568649292 
v 0.46561408042907715 -0.5813262462615967 -0.11344487965106964 
v 0.3659917116165161 -0.4539966285228729 -0.09233783185482025 
v -0.25814288854599 -0.029361456632614136 -0.10451419651508331 
v -0.22467294335365295 0.005941844545304775 -0.10611236840486526 
v -0.25617507100105286 0.08135432004928589 -0.12471716105937958 
v 0.14008042216300964 0.13419128954410553 -0.08370557427406311 
v 0.28334760665893555 0.26592445373535156 -0.09029556810855865 
v 0.34853142499923706 0.38911718130111694 -0.09420096129179001 
v 0.06252864003181458 -0.8258686661720276 -0.05942663922905922 
v -0.23082897067070007 -0.7670520544052124 -0.0827118530869484 
v -0.323615700006485 -0.733643651008606 -0.0382273904979229 
v -0.37882208824157715 -0.4930436611175537 -0.09040535986423492 
v -0.46517810225486755 -0.4825669229030609 -0.06607308238744736 
v 0.36682504415512085 -0.4449406564235687 -0.017603110522031784 
v -0.37507304549217224 -0.3713213801383972 -0.08137492835521698 
v 0.3348887860774994 -0.15730588138103485 -0.07009126245975494 
v 0.29292014241218567 -0.057831186801195145 -0.08253037184476852 
v -0.1342090666294098 0.15741081535816193 -0.05473530665040016 
v 0.29611364006996155 0.38800469040870667 -0.05360158160328865 
v 0.3037671148777008 0.5336306095123291 -0.05421902984380722 
v 0.1773887574672699 -0.8884469270706177 -0.03440149873495102 
v 0.10944586992263794 -0.869688093662262 0.027378177270293236 
v -0.24642756581306458 -0.8209655284881592 -0.025287514552474022 
v 0.38010767102241516 -0.33633196353912354 -0.026728913187980652 
v -0.4043757915496826 -0.3418002128601074 -0.015576682984828949 
v -0.3675256073474884 -0.2615320682525635 -0.036222342401742935 
v 0.31501302123069763 -0.12692371010780334 0.008838250301778316 
v -0.23597052693367004 -0.02377423271536827 -0.011356482282280922 
v 0.13422532379627228 0.1094285100698471 -0.017571348696947098 
v 0.25519025325775146 0.2562713325023651 -0.027831370010972023 
v -0.30100780725479126 0.3010209798812866 -0.010840843431651592 
v -0.28154659271240234 0.42514634132385254 -0.03565019741654396 
v -0.2897225320339203 0.5149868130683899 -0.0134208332747221 
v -0.12917588651180267 -0.9044533371925354 0.03185839578509331 
v -0.012289963662624359 -0.835780918598175 0.009525264613330364 
v -0.5200785398483276 -0.48495590686798096 0.032932061702013016 
v -0.3099592626094818 -0.41649869084358215 0.0344243049621582 
v 0.338056743144989 -0.3033982813358307 0.007955399341881275 
v 0.2936202883720398 -0.06300530582666397 -0.015639176592230797 
v 0.2503209114074707 -0.009840191341936588 -0.0038687733467668295 
v 0.16007301211357117 0.08820299804210663 -0.009990924969315529 
v 0.09318774938583374 0.08523707836866379 0.00649629021063447 
v -0.11907058209180832 0.13278470933437347 0.009807250462472439 
v 0.26572978496551514 0.3036501705646515 -0.025387931615114212 
v 0.29339301586151123 0.3571251630783081 0.011013532988727093 
v -0.2513726055622101 0.3343312442302704 0.023246347904205322 
v 0.3127984404563904 0.4852459728717804 -0.020386014133691788 
v 0.2976089417934418 0.658856987953186 -0.017450595274567604 
v -0.12393638491630554 0.8713235855102539 -0.059427689760923386 
v -0.001889836392365396 0.9013157486915588 -0.051091380417346954 
v 0.2965940237045288 -0.8915137648582458 0.07967402786016464 
v 0.020726697519421577 -0.8757975697517395 0.030025145038962364 
v 0.32937920093536377 -0.7512577176094055 0.05505628138780594 
v -0.43223264813423157 -0.6476291418075562 0.04255126416683197 
v 0.5007746815681458 -0.457991361618042 0.037816621363162994 
v 0.4434334635734558 -0.43157801032066345 0.026838669553399086 
v 0.352287620306015 -0.44005411863327026 0.026652349159121513 
v -0.2857555150985718 -0.46789827942848206 0.04284615442156792 
v -0.37698793411254883 -0.4311363101005554 0.03352069482207298 
v -0.27457916736602783 -0.3576156497001648 0.049421556293964386 
v -0.3694154918193817 -0.35981395840644836 0.03003084473311901 
v 0.3126671612262726 -0.20752333104610443 0.07837650924921036 
v 0.0015675831818953156 -0.19074302911758423 0.04977158084511757 
v -0.2604074776172638 -0.12800155580043793 0.05200398340821266 
v 0.024033602327108383 -0.08273544907569885 0.04936673492193222 
v 0.21311460435390472 -0.11630534380674362 0.051309652626514435 
v -0.031698741018772125 -0.04218820109963417 0.05245062708854675 
v 0.21485170722007751 -0.025737803429365158 0.03051704913377762 
v 0.14597003161907196 -0.023219570517539978 0.059794578701257706 
v 0.10307902097702026 -0.02109580859541893 0.0446968637406826 
v 0.13640350103378296 0.00525272311642766 0.04288598150014877 
v 0.1281711608171463 0.034933436661958694 0.01798904314637184 
v 0.18594688177108765 0.043301112949848175 0.036585766822099686 
v 0.06851290911436081 -0.004372816998511553 0.05023865029215813 
v 0.06885982304811478 0.08030694723129272 0.04930631071329117 
v -0.021923108026385307 0.052740950137376785 0.029778122901916504 
v -0.15774105489253998 0.09731508791446686 -0.005800217390060425 
v -0.15598469972610474 0.15866531431674957 0.04336988180875778 
v 0.22959324717521667 0.20766325294971466 -0.02233448252081871 
v -0.21455833315849304 0.275718629360199 0.06959300488233566 
v -0.2823006212711334 0.5030531883239746 0.06653425842523575 
v 0.2623685300350189 -0.9077637791633606 0.11790817975997925 
v 0.3125506639480591 -0.8702583909034729 0.06645158678293228 
v 0.29125186800956726 -0.7382214069366455 0.08554331213235855 
v 0.49458572268486023 -0.5571722984313965 0.0697973370552063 
v 0.4863145053386688 -0.49386417865753174 0.07675278186798096 
v -0.3392777740955353 -0.4721784293651581 0.06274820864200592 
v -0.29869046807289124 -0.321958988904953 0.10773763805627823 
v -0.28738805651664734 -0.21698439121246338 0.07707901298999786 
v 0.23377810418605804 -0.17694339156150818 0.06315799057483673 
v -0.056725624948740005 -0.10602166503667831 0.07344906777143478 
v -0.2493625283241272 -0.181828111410141 0.07012425363063812 
v 0.1409302055835724 -0.09220623970031738 0.07187731564044952 
v 0.16897591948509216 -0.031731002032756805 0.05562189593911171 
v -0.2600817382335663 0.4734874367713928 0.09129887819290161 
v -0.26109468936920166 0.7443044185638428 0.04702010005712509 
v 0.15970873832702637 0.8543885350227356 0.034792568534612656 
v 0.01998722180724144 -0.8769679069519043 0.09627551585435867 
v 0.061080578714609146 -0.8122344613075256 0.09456974267959595 
v 0.06541983783245087 -0.8350697159767151 0.07906202971935272 
v 0.3627214729785919 -0.8017579913139343 0.07486801594495773 
v -0.23719358444213867 -0.7350085973739624 0.11823628842830658 
v -0.015638867393136024 -0.7056218981742859 0.11123869568109512 
v 0.37542852759361267 -0.6462327837944031 0.10826964676380157 
v 0.43244484066963196 -0.6185536980628967 0.0882238820195198 
v 0.43876582384109497 -0.5626862645149231 0.1002974882721901 
v 0.31426113843917847 -0.44812560081481934 0.08678912371397018 
v -0.30273711681365967 -0.4880204200744629 0.0892910435795784 
v -0.4820365309715271 -0.4356761574745178 0.04272909089922905 
v 0.305903822183609 -0.19404475390911102 0.11740312725305557 
v 0.1143798753619194 -0.17873196303844452 0.09302379935979843 
v 0.04349713400006294 -0.17127488553524017 0.10175954550504684 
v -0.020429804921150208 -0.17481841146945953 0.11158476024866104 
v 0.252473920583725 0.6464821100234985 0.08521715551614761 
v -0.21254046261310577 0.7712327241897583 0.11576244235038757 
v -0.06878942996263504 0.8681426048278809 0.0794060230255127 
v 0.43763741850852966 -0.7949967980384827 0.16299264132976532 
v 0.10095445811748505 -0.8146908283233643 0.14118659496307373 
v 0.19887985289096832 -0.6977673768997192 0.13813386857509613 
v 0.1264084279537201 -0.7023265361785889 0.14682726562023163 
v 0.09829391539096832 -0.6150311827659607 0.14062273502349854 
v -0.14008881151676178 -0.6775774955749512 0.13205458223819733 
v -0.3624100387096405 -0.6777462959289551 0.1356121003627777 
v -0.16514359414577484 -0.6190261244773865 0.14716368913650513 
v -0.31214600801467896 -0.5573936104774475 0.14923754334449768 
v -0.33031177520751953 -0.48193109035491943 0.11464917659759521 
v 0.2559534013271332 -0.20708303153514862 0.1584147959947586 
v 0.08311986178159714 -0.2088293731212616 0.16476880013942719 
v 0.06390862911939621 0.12600862979888916 0.1512884646654129 
v 0.006612486205995083 0.11431315541267395 0.15287111699581146 
v 0.19156019389629364 0.2188578099012375 0.15189272165298462 
v -0.15045903623104095 0.3023011386394501 0.14758306741714478 
v 0.16807591915130615 0.36832430958747864 0.14456132054328918 
v -0.19409190118312836 0.36893823742866516 0.14951346814632416 
v -0.26294708251953125 0.5100369453430176 0.10244916379451752 
v 0.18460404872894287 0.6112734079360962 0.16882926225662231 
v 0.33446943759918213 -0.9042573571205139 0.16589666903018951 
v 0.14564770460128784 -0.8711429238319397 0.19569377601146698 
v 0.46099433302879333 -0.7754382491111755 0.20090654492378235 
v 0.04456580802798271 -0.7921445965766907 0.1692490577697754 
v 0.1071539893746376 -0.7519641518592834 0.16247457265853882 
v -0.20946042239665985 -0.7312448024749756 0.17579570412635803 
v -0.35636386275291443 -0.6052778363227844 0.17429396510124207 
v 0.053474895656108856 -0.5722474455833435 0.15757741034030914 
v -0.3416055142879486 -0.5586138963699341 0.15886037051677704 
v -0.21158048510551453 -0.49122145771980286 0.18241220712661743 
v 0.23615986108779907 -0.4313057065010071 0.1728547215461731 
v 0.02980836108326912 -0.3489740490913391 0.1866014450788498 
v -0.22507379949092865 -0.28214365243911743 0.18444275856018066 
v -0.12095236033201218 -0.3391900062561035 0.19336992502212524 
v -0.16993173956871033 -0.2344008833169937 0.18280166387557983 
v -0.07040408998727798 -0.21616052091121674 0.173530712723732 
v 0.062591053545475 0.18322300910949707 0.18733727931976318 
v 6.134851719252765e-05 0.19915099442005157 0.1899392157793045 
v -0.12854285538196564 0.24802888929843903 0.17901663482189178 
v -0.01403422374278307 0.23455221951007843 0.18240360915660858 
v 0.11030139774084091 0.3649499714374542 0.15865996479988098 
v -0.06972957402467728 0.389849990606308 0.17850130796432495 
v 0.15523838996887207 0.43151625990867615 0.18080000579357147 
v 0.27374449372291565 0.5389763116836548 0.1886669099330902 
v 0.18987026810646057 0.5845593214035034 0.18482564389705658 
v -0.13850019872188568 0.6352822780609131 0.18745726346969604 
v 0.05402462184429169 0.8126579523086548 0.16741734743118286 
v -0.19504201412200928 -0.905511200428009 0.19047734141349792 
v 0.21778447926044464 -0.8852217197418213 0.20853333175182343 
v -0.15843793749809265 -0.7279672622680664 0.2029544860124588 
v -0.42952555418014526 -0.4777730703353882 0.19027209281921387 
v -0.010253533720970154 0.38413023948669434 0.20335744321346283 
v -0.07745982706546783 0.4466671943664551 0.19843828678131104 
v -0.0011554682860150933 0.48288682103157043 0.2031451165676117 
v -0.19581255316734314 0.4763159453868866 0.18716570734977722 
v 0.4418405294418335 -0.758965253829956 0.2873431146144867 
v 0.2207433134317398 -0.7695063948631287 0.2469414919614792 
v -0.07257331907749176 0.4931107461452484 0.22851990163326263 
v -0.21553805470466614 0.5196177959442139 0.26074841618537903 
v 0.32817354798316956 -0.8933390378952026 0.27732881903648376 
v -0.25209882855415344 -0.8174452781677246 0.3140803873538971 
v 0.4360587000846863 -0.7286999225616455 0.29191359877586365 
v 0.2868266999721527 -0.7366368174552917 0.25475746393203735 
v -0.02522815577685833 0.5071731805801392 0.22957977652549744 
v 0.22299814224243164 0.5582553148269653 0.3073730766773224 
v -0.1768633872270584 0.5384296774864197 0.3154369294643402 
v -0.21832595765590668 -0.8060364127159119 0.33622750639915466 
v -0.27197059988975525 -0.776167094707489 0.31788474321365356 
v 0.059306785464286804 0.5802907943725586 0.36788928508758545 
v -0.033162008970975876 0.5802788138389587 0.3581763803958893 
v 0.08239391446113586 0.6019433736801147 0.3349137604236603 
v 0.1785336583852768 0.5202441811561584 -0.32553261518478394 
v 0.23334342241287231 -0.439236581325531 -0.2886069715023041 
v 0.1947384774684906 -0.2856593430042267 -0.2819545567035675 
v -0.19103609025478363 0.6554317474365234 -0.28850406408309937 
v 0.11206194013357162 0.08133237808942795 -0.2625967860221863 
v 0.22897854447364807 -0.7105880379676819 -0.2086007446050644 
v 0.252102255821228 -0.6604543328285217 -0.22784972190856934 
v -0.2774704396724701 -0.39822959899902344 -0.17565397918224335 
v 0.2577286958694458 -0.043540649116039276 -0.17306578159332275 
v 0.2839965224266052 -0.30326583981513977 -0.17209650576114655 
v 0.24483394622802734 0.33314794301986694 -0.16426590085029602 
v 0.23568935692310333 0.7912635803222656 -0.1640215814113617 
v -0.26940101385116577 -0.646366536617279 -0.13637158274650574 
v 0.28168559074401855 0.4022766649723053 -0.14639432728290558 
v -0.21085728704929352 -0.876979410648346 -0.09859740734100342 
v -0.3309663236141205 -0.5055997967720032 -0.09518930315971375 
v 0.38706761598587036 -0.6771650314331055 -0.027877695858478546 
v 0.3674413859844208 -0.427807480096817 -0.07108737528324127 
v -0.2007250040769577 0.07944513857364655 -0.013865282759070396 
v 0.22273433208465576 0.008254792541265488 0.01879415661096573 
v -0.05009970813989639 0.061122260987758636 0.012255934067070484 
v -0.3536360561847687 -0.402131587266922 0.038978587836027145 
v -0.3090732991695404 -0.3593898117542267 0.008172847330570221 
v 0.20661099255084991 0.010668650269508362 0.05332169681787491 
v -0.1294041872024536 -0.009201032109558582 0.05216856300830841 
v 0.06522978842258453 0.0503755584359169 0.03856687247753143 
v 0.295448899269104 0.4214562177658081 0.029278524219989777 
v 0.4362761974334717 -0.5135332345962524 0.08549907803535461 
v -0.05683652311563492 -0.192476287484169 0.07908075302839279 
v 0.17318512499332428 -0.1742117702960968 0.0811835303902626 
v 0.28447791934013367 -0.17027592658996582 0.10925055295228958 
v -0.26572269201278687 -0.5458170175552368 0.1540435552597046 
v -0.27631086111068726 -0.38448283076286316 0.15682490170001984 
v -0.13649053871631622 0.7918111681938171 0.1525699943304062 
v 0.06630982458591461 -0.7323806285858154 0.16368882358074188 
v -0.2331649512052536 -0.5612651705741882 0.16442668437957764 
v -0.4495743215084076 -0.5025479197502136 0.1948179453611374 
v 0.0529046356678009 -0.4735053479671478 0.18652236461639404 
v 0.11002501845359802 0.2893292307853699 0.16131672263145447 
v 0.1548333764076233 0.45545753836631775 0.17521509528160095 
v -0.15550971031188965 0.42449042201042175 0.16239815950393677 
v 0.2663460969924927 0.5053536295890808 0.15998558700084686 
v -0.18301397562026978 -0.43229377269744873 0.19320930540561676 
v 0.050215620547533035 0.2378021478652954 0.2423698753118515 
v -0.283313125371933 -0.8267728686332703 0.2650138735771179 
v -0.021024005487561226 0.5576468110084534 0.3660353422164917 
v -0.23498985171318054 0.07072409242391586 -0.007295688148587942 
v 0.03461536020040512 -0.22782756388187408 -0.2835606336593628 
v 0.37819406390190125 -0.37800008058547974 -0.13160033524036407 
v 0.1596762090921402 -0.9009246230125427 -0.002143512712791562 
v -0.10112316161394119 0.08171437680721283 0.029632404446601868 
v -0.48542046546936035 -0.5882434248924255 0.0579645000398159 
v 0.02795790135860443 0.6233286261558533 0.24920974671840668 
v 0.3665093183517456 -0.7625874280929565 0.3265177309513092 
v 0.022183096036314964 0.19745676219463348 -0.20906399190425873 
v 0.37280431389808655 -0.4113036096096039 -0.04175402596592903 
v -0.10653715580701828 0.12386537343263626 0.09270269423723221 
v -0.16803108155727386 -0.1849641352891922 0.1519785374403 
v -0.02419440634548664 0.7990396022796631 0.1757851243019104 
v 0.25458526611328125 -0.8486926555633545 0.2717285752296448 
v -0.13579140603542328 0.13440555334091187 -0.06165463104844093 
v -0.19389547407627106 0.8100663423538208 0.09608791768550873 
v -0.19176819920539856 0.5892710089683533 0.15762948989868164 
v 0.18627026677131653 0.5442675352096558 0.3291589915752411 
v -0.1087203174829483 -0.8914960622787476 -0.07080894708633423 
v 0.38550224900245667 -0.585023820400238 0.10167320817708969 
v 0.12819448113441467 0.6628969311714172 -0.3408311903476715 
v 0.22478443384170532 0.5935826897621155 0.13865496218204498 
v 0.05052393674850464 0.4868212938308716 -0.3622046113014221 
v 0.08066932111978531 0.6683559417724609 -0.3523349165916443 
v 0.14810432493686676 -0.5647755861282349 -0.298404723405838 
v -0.31115350127220154 -0.37465062737464905 -0.10646599531173706 
v -0.20177963376045227 -0.8956856727600098 -0.0539928562939167 
vt 0.25441884994506836 0.8083575367927551 
vt 0.23117604851722717 0.798623189330101 
vt 0.24234126508235931 0.8152319937944412 
vt 0.2133779227733612 0.8091060668230057 
vt 0.2382017970085144 0.8184353858232498 
vt 0.2112414836883545 0.7935519367456436 
vt 0.19669851660728455 0.8030427098274231 
vt 0.1893676072359085 0.816806435585022 
vt 0.22334371507167816 0.8265427500009537 
vt 0.18028318881988525 0.8477386981248856 
vt 0.17672067880630493 0.8253149539232254 
vt 0.21430543065071106 0.8611480742692947 
vt 0.18460246920585632 0.8721866756677628 
vt 0.23963160812854767 0.8860174864530563 
vt 0.28464654088020325 0.8708637356758118 
vt 0.239506796002388 0.8469784706830978 
vt 0.28139299154281616 0.8438441306352615 
vt 0.2568553388118744 0.8293455988168716 
vt 0.27683600783348083 0.8165423721075058 
vt 0.3098474144935608 0.8509136736392975 
vt 0.13752616941928864 0.8809737861156464 
vt 0.17900285124778748 0.803320050239563 
vt 0.14669641852378845 0.8512713760137558 
vt 0.12804359197616577 0.8543707728385925 
vt 0.15285658836364746 0.8297998160123825 
vt 0.31848371028900146 0.8270054757595062 
vt 0.32005825638771057 0.8748591244220734 
vt 0.14897562563419342 0.9030403271317482 
vt 0.1756814867258072 0.9025711417198181 
vt 0.311236709356308 0.9004981815814972 
vt 0.3308260142803192 0.8520656675100327 
vt 0.1620868295431137 0.8055443912744522 
vt 0.1397196501493454 0.8203518688678741 
vt 0.2823110520839691 0.8039570599794388 
vt 0.29255741834640503 0.9360360205173492 
vt 0.23167428374290466 0.9330162927508354 
vt 0.2925448715686798 0.8110281229019165 
vt 0.1675727218389511 0.836934044957161 
vt 0.1733422875404358 0.9376089014112949 
vt 0.13321766257286072 0.9596744664013386 
vt 0.24480147659778595 0.9734972380101681 
vt 0.3287535011768341 0.9589998945593834 
vt 0.32109954953193665 0.9850895330309868 
vt 0.1549254059791565 0.9775475561618805 
vt 0.1257762610912323 0.9893053732812405 
vt 0.19392384588718414 0.984082905575633 
vt 0.32988134026527405 0.9195873662829399 
vt 0.12628182768821716 0.8318967521190643 
vt 0.12342845648527145 0.9083439707756042 
vt 0.14757780730724335 0.7954045534133911 
vt 0.12974072992801666 0.7978001683950424 
vt 0.09833589196205139 0.8059487789869308 
vt 0.10125815123319626 0.8278748244047165 
vt 0.07382319867610931 0.8373555541038513 
vt 0.33591151237487793 0.8836130574345589 
vt 0.11125000566244125 0.8461587727069855 
vt 0.09502466022968292 0.8574913889169693 
vt 0.11474903672933578 0.8597331792116165 
vt 0.2809877097606659 0.9883772497996688 
vt 0.2946758568286896 0.7939087450504303 
vt 0.11202703416347504 0.9781654365360737 
vt 0.07295728474855423 0.8049893230199814 
vt 0.04486772045493126 0.8371238112449646 
vt 0.08127158880233765 0.8570184856653214 
vt 0.2538225054740906 0.9861695067957044 
vt 0.1225787028670311 0.7832078635692596 
vt 0.051091570407152176 0.8522129058837891 
vt 0.05238670855760574 0.8821508586406708 
vt 0.03897858411073685 0.8848238587379456 
vt 0.03163018450140953 0.8737448304891586 
vt 0.028694743290543556 0.8551274836063385 
vt 0.20212925970554352 0.9985552030848339 
vt 0.32465362548828125 0.811533123254776 
vt 0.3401533365249634 0.8347920328378677 
vt 0.36338362097740173 0.8176407366991043 
vt 0.3733019530773163 0.833158329129219 
vt 0.32501059770584106 0.7925904393196106 
vt 0.35121485590934753 0.8564203679561615 
vt 0.39396020770072937 0.8407870978116989 
vt 0.3918616771697998 0.8197279870510101 
vt 0.3682561218738556 0.8102774173021317 
vt 0.3656489849090576 0.7889713644981384 
vt 0.4180450737476349 0.841688796877861 
vt 0.41398176550865173 0.8644836843013763 
vt 0.3947621285915375 0.8593839406967163 
vt 0.3707340359687805 0.8654549717903137 
vt 0.39872807264328003 0.8803624287247658 
vt 0.3128787875175476 0.7898002564907074 
vt 0.11494635045528412 0.9531154669821262 
vt 0.11013682931661606 0.9212019816040993 
vt 0.3395829200744629 0.7719465494155884 
vt 0.3211401700973511 0.9953748979605734 
vt 0.09611807763576508 0.778478741645813 
vt 0.31973373889923096 0.7785689830780029 
vt 0.26750636100769043 0.7913302034139633 
vt 0.3573606610298157 0.7642169743776321 
vt 0.1565253585577011 0.9995625546725933 
vt 0.36206576228141785 0.8809341341257095 
vt 0.1039712131023407 0.8835407942533493 
vt 0.09049370884895325 0.8915790915489197 
vt 0.17240428924560547 0.788042277097702 
vt 0.42927926778793335 0.8646057546138763 
vt 0.3694467842578888 0.8887877315282822 
vt 0.10546994209289551 0.7642169743776321 
vt 0.3909197151660919 0.7879855930805206 
vt 0.42533373832702637 0.8809126168489456 
vt 0.008771117776632309 0.9028137847781181 
vt 0.00045045046135783195 0.8916253298521042 
vt 0.8186643123626709 0.6477366387844086 
vt 0.8839679956436157 0.6599607467651367 
vt 0.8727620244026184 0.6792511641979218 
vt 0.8265793919563293 0.6744228899478912 
vt 0.8978677988052368 0.6163701117038727 
vt 0.8240135908126831 0.6188563704490662 
vt 0.9036990404129028 0.644565999507904 
vt 0.9027093648910522 0.6706648766994476 
vt 0.9003168344497681 0.6957582831382751 
vt 0.833027720451355 0.7031441032886505 
vt 0.8153623938560486 0.7076960802078247 
vt 0.9102808833122253 0.6156808733940125 
vt 0.796846866607666 0.6906777620315552 
vt 0.8992341756820679 0.595811516046524 
vt 0.9123324155807495 0.5862528085708618 
vt 0.8715838193893433 0.5806655287742615 
vt 0.8225827813148499 0.5868621468544006 
vt 0.8300448060035706 0.5705857872962952 
vt 0.8700792193412781 0.5640142858028412 
vt 0.8000926971435547 0.6036602854728699 
vt 0.7984493374824524 0.6553255021572113 
vt 0.903761088848114 0.5419947504997253 
vt 0.7974836826324463 0.5727189183235168 
vt 0.9229729771614075 0.5616666674613953 
vt 0.8785997033119202 0.7256911098957062 
vt 0.8419948816299438 0.733760416507721 
vt 0.8330657482147217 0.7459287941455841 
vt 0.9050967693328857 0.7077430784702301 
vt 0.9099961519241333 0.7242713272571564 
vt 0.8585282564163208 0.7567281723022461 
vt 0.8958572149276733 0.7484260201454163 
vt 0.8090975880622864 0.7274086773395538 
vt 0.8358601927757263 0.7790901064872742 
vt 0.9143847823143005 0.7575613856315613 
vt 0.9108408689498901 0.774078443646431 
vt 0.9229729771614075 0.7773020565509796 
vt 0.8700541257858276 0.7785027325153351 
vt 0.8174776434898376 0.773680254817009 
vt 0.5526021718978882 0.8980594575405121 
vt 0.5445574522018433 0.8874625712633133 
vt 0.5711098313331604 0.8799273744225502 
vt 0.5476008057594299 0.8641828000545502 
vt 0.5277412533760071 0.8747144341468811 
vt 0.5646528601646423 0.9046748504042625 
vt 0.563744306564331 0.9264116212725639 
vt 0.5439610481262207 0.9076874330639839 
vt 0.5385738015174866 0.9324985072016716 
vt 0.5959417223930359 0.8907136768102646 
vt 0.5245823264122009 0.8341303914785385 
vt 0.5544619560241699 0.8369130790233612 
vt 0.49379321932792664 0.8662132322788239 
vt 0.5068687796592712 0.88264050334692 
vt 0.49193280935287476 0.8901442810893059 
vt 0.5753198266029358 0.8670645505189896 
vt 0.5391367077827454 0.8099364042282104 
vt 0.5645760893821716 0.8032446354627609 
vt 0.6248790621757507 0.8330579996109009 
vt 0.6206474900245667 0.8609913438558578 
vt 0.5967840552330017 0.8824462592601776 
vt 0.6172517538070679 0.7811565846204758 
vt 0.6494367122650146 0.8157969117164612 
vt 0.5701923370361328 0.7715412378311157 
vt 0.6410524845123291 0.8399472087621689 
vt 0.6430268287658691 0.7812496721744537 
vt 0.6573620438575745 0.8046163320541382 
vt 0.6104795336723328 0.8992471992969513 
vt 0.5871471166610718 0.9206856787204742 
vt 0.542299211025238 0.7789463847875595 
vt 0.4964190423488617 0.8314566761255264 
vt 0.5970935225486755 0.90809316188097 
vt 0.6034485697746277 0.7435023188591003 
vt 0.5029171109199524 0.8168971687555313 
vt 0.47893279790878296 0.8516950905323029 
vt 0.57175213098526 0.7379702627658844 
vt 0.45454928278923035 0.8685460537672043 
vt 0.4895525276660919 0.7883385121822357 
vt 0.47068309783935547 0.8136940896511078 
vt 0.4566720128059387 0.839042991399765 
vt 0.45270270109176636 0.9033478498458862 
vt 0.47282615303993225 0.9170882701873779 
vt 0.527796745300293 0.7516047209501266 
vt 0.6273331642150879 0.9304030537605286 
vt 0.6826817989349365 0.8226875811815262 
vt 0.5264409780502319 0.8786249160766602 
vt 0.6426379680633545 0.7548864185810089 
vt 0.6720257997512817 0.8538990765810013 
vt 0.6706745028495789 0.7789946794509888 
vt 0.6394833922386169 0.9204252660274506 
vt 0.6361922025680542 0.8879832774400711 
vt 0.6485003232955933 0.9413709416985512 
vt 0.6655188798904419 0.9372501820325851 
vt 0.602828860282898 0.9318810254335403 
vt 0.6514447331428528 0.8673622459173203 
vt 0.6591576337814331 0.8922060877084732 
vt 0.6511701941490173 0.9017309322953224 
vt 0.5910192728042603 0.93374352902174 
vt 0.5921684503555298 0.9527816250920296 
vt 0.63021320104599 0.9413425698876381 
vt 0.5674266815185547 0.9690926689654589 
vt 0.5624319911003113 0.9438764899969101 
vt 0.5373169779777527 0.9664021767675877 
vt 0.5491421818733215 0.9916885392740369 
vt 0.5115442872047424 0.9787304364144802 
vt 0.5185592174530029 0.9551474303007126 
vt 0.6887387633323669 0.804894745349884 
vt 0.6725027561187744 0.9597769677639008 
vt 0.6887387633323669 0.9521972425282001 
vt 0.5374268889427185 0.5786247253417969 
vt 0.5267235040664673 0.5642913281917572 
vt 0.539874792098999 0.5472655594348907 
vt 0.569511890411377 0.5709294676780701 
vt 0.557032585144043 0.5933258831501007 
vt 0.537483274936676 0.5903086960315704 
vt 0.5530273914337158 0.6114487648010254 
vt 0.5184277892112732 0.6010995209217072 
vt 0.5298671126365662 0.6439098417758942 
vt 0.5806322693824768 0.5905826687812805 
vt 0.6018191576004028 0.6359415352344513 
vt 0.5505735874176025 0.6401204764842987 
vt 0.5843303203582764 0.6692179143428802 
vt 0.6301102638244629 0.600554496049881 
vt 0.6675747036933899 0.6322298943996429 
vt 0.6289575695991516 0.6756131052970886 
vt 0.6659366488456726 0.5990977585315704 
vt 0.6494200825691223 0.6762864291667938 
vt 0.5972684621810913 0.5630534291267395 
vt 0.6026031970977783 0.6950952112674713 
vt 0.49759477376937866 0.623420774936676 
vt 0.5130312442779541 0.641375720500946 
vt 0.5035480260848999 0.5983223915100098 
vt 0.6357770562171936 0.7012620568275452 
vt 0.5379379391670227 0.6816634237766266 
vt 0.6365503668785095 0.5722967982292175 
vt 0.681531548500061 0.6264447271823883 
vt 0.4853142201900482 0.6280707716941833 
vt 0.5038334727287292 0.6676411032676697 
vt 0.4782457649707794 0.6543266773223877 
vt 0.5625443458557129 0.7060545086860657 
vt 0.4864144027233124 0.5997278094291687 
vt 0.5322574377059937 0.5356215834617615 
vt 0.5038986802101135 0.532620906829834 
vt 0.5236787796020508 0.6921674311161041 
vt 0.6065332293510437 0.7134733200073242 
vt 0.659564733505249 0.6883591711521149 
vt 0.6774498820304871 0.6505627334117889 
vt 0.557378888130188 0.5420718193054199 
vt 0.520133912563324 0.5160392820835114 
vt 0.502552330493927 0.5119797587394714 
vt 0.4875553250312805 0.5217668414115906 
vt 0.5317273736000061 0.4967191815376282 
vt 0.4945395588874817 0.4874955415725708 
vt 0.47072070837020874 0.5076800286769867 
vt 0.5548969507217407 0.5275366902351379 
vt 0.5964491367340088 0.5154042541980743 
vt 0.5195202231407166 0.46827787160873413 
vt 0.5847266912460327 0.5415777564048767 
vt 0.6027156114578247 0.5368532240390778 
vt 0.4918248653411865 0.45450568199157715 
vt 0.4727843105792999 0.4700646996498108 
vt 0.5388703942298889 0.48391836881637573 
vt 0.5734779834747314 0.49738913774490356 
vt 0.6062851548194885 0.5037903785705566 
vt 0.6178159713745117 0.5162889063358307 
vt 0.6349132061004639 0.5177837610244751 
vt 0.6384304761886597 0.5086024403572083 
vt 0.6571991443634033 0.4983968138694763 
vt 0.6498615741729736 0.48807185888290405 
vt 0.669042706489563 0.48443806171417236 
vt 0.6329888701438904 0.49468791484832764 
vt 0.5116927027702332 0.5867467820644379 
vt 0.5138999223709106 0.6001758277416229 
vt 0.49089640378952026 0.5507957637310028 
vt 0.6721326112747192 0.468563973903656 
vt 0.681531548500061 0.471535325050354 
vt 0.09508780390024185 0.6477985680103302 
vt 0.06217736750841141 0.6898649334907532 
vt 0.05774087831377983 0.6700812876224518 
vt 0.06363395601511002 0.6107618808746338 
vt 0.12724052369594574 0.6248750984668732 
vt 0.12320642173290253 0.6648435294628143 
vt 0.12804119288921356 0.737262487411499 
vt 0.16075919568538666 0.7144515216350555 
vt 0.17127755284309387 0.6655051708221436 
vt 0.16761010885238647 0.6212279498577118 
vt 0.0484137162566185 0.7409273087978363 
vt 0.07931172102689743 0.761519119143486 
vt 0.19589698314666748 0.7541045546531677 
vt 0.22096511721611023 0.7215446531772614 
vt 0.21233542263507843 0.6868507862091064 
vt 0.22082066535949707 0.6507796347141266 
vt 0.21276821196079254 0.6106655895709991 
vt 0.14884354174137115 0.6044646799564362 
vt 0.23817488551139832 0.6187684834003448 
vt 0.12349390238523483 0.6004134714603424 
vt 0.23073071241378784 0.7184721231460571 
vt 0.12196727097034454 0.7589540332555771 
vt 0.16350707411766052 0.7639065384864807 
vt 0.09130013734102249 0.5903142690658569 
vt 0.24268917739391327 0.7510290592908859 
vt 0.22627127170562744 0.7636909633874893 
vt 0.23269549012184143 0.5840707123279572 
vt 0.25816285610198975 0.5922368764877319 
vt 0.2418738305568695 0.7680173069238663 
vt 0.25406092405319214 0.7680096924304962 
vt 0.20138400793075562 0.5914003849029541 
vt 0.042708221822977066 0.6179104447364807 
vt 0.05171181634068489 0.5822073519229889 
vt 0.0367605984210968 0.7556964308023453 
vt 0.037485271692276 0.7764654457569122 
vt 0.03862876445055008 0.690485268831253 
vt 0.24606215953826904 0.6804187893867493 
vt 0.2640964686870575 0.6404064893722534 
vt 0.2673824429512024 0.7145049870014191 
vt 0.2743573486804962 0.6724545657634735 
vt 0.2869020402431488 0.6511258780956268 
vt 0.2990816831588745 0.6930736303329468 
vt 0.2889527678489685 0.6936184167861938 
vt 0.29852864146232605 0.7240948379039764 
vt 0.3003912568092346 0.662144660949707 
vt 0.3017353415489197 0.6392360329627991 
vt 0.019397016614675522 0.7297393083572388 
vt 0.0013513513840734959 0.7155603468418121 
vt 0.014514162205159664 0.6799509227275848 
vt 0.036293067038059235 0.6648482084274292 
vt 0.01944255456328392 0.6505893170833588 
vt 0.011355860158801079 0.6167825758457184 
vt 0.25319355726242065 0.7387998104095459 
vt 0.2734694182872772 0.7425736784934998 
vt 0.27560916543006897 0.6002067625522614 
vt 0.3031408190727234 0.6171775162220001 
vt 0.295872300863266 0.6151206493377686 
vt 0.004953913856297731 0.7477068603038788 
vt 0.2955443859100342 0.7484694719314575 
vt 0.029405919834971428 0.588403582572937 
vt 0.2995985746383667 0.6022090017795563 
vt 0.2954099774360657 0.5989018082618713 
vt 0.3076576590538025 0.7221985459327698 
vt 0.2503570020198822 0.569874107837677 
vt 0.17100776731967926 0.5865375995635986 
vt 0.06999264657497406 0.5636623501777649 
vt 0.26977279782295227 0.5752569437026978 
vt 0.2996770739555359 0.5705600678920746 
vt 0.15120622515678406 0.5809753239154816 
vt 0.3076576590538025 0.5802082419395447 
vt 0.19948135316371918 0.5653881430625916 
vt 0.2193237692117691 0.5509583353996277 
vt 0.18135787546634674 0.5390637218952179 
vt 0.17654289305210114 0.5571678876876831 
vt 0.1487475037574768 0.5497183501720428 
vt 0.14250749349594116 0.51435986161232 
vt 0.1615837812423706 0.5143594443798065 
vt 0.13246197998523712 0.5382561683654785 
vt 0.12318545579910278 0.5212105512619019 
vt 0.12617042660713196 0.5396536886692047 
vt 0.12466879934072495 0.5067958235740662 
vt 0.18569280207157135 0.5278165340423584 
vt 0.10379818826913834 0.519623726606369 
vt 0.09498504549264908 0.5275008380413055 
vt 0.24910159409046173 0.5560359954833984 
vt 0.12628327310085297 0.5647070407867432 
vt 0.08528915792703629 0.5162508487701416 
vt 0.09644902497529984 0.5700167119503021 
vt 0.28590384125709534 0.5691444873809814 
vt 0.22339953482151031 0.5391192138195038 
vt 0.03989493101835251 0.5534517467021942 
vt 0.013949677348136902 0.5740457773208618 
vt 0.006987865082919598 0.5669890940189362 
vt 0.04272764176130295 0.5316345691680908 
vt 0.010005423799157143 0.5446057617664337 
vt 0.033331483602523804 0.5198386013507843 
vt 0.04884043335914612 0.5118720531463623 
vt 0.05944046750664711 0.48950129747390747 
vt 0.07138679921627045 0.499708890914917 
vt 0.06124280020594597 0.5122665166854858 
vt 0.07244185358285904 0.5153996646404266 
vt 0.06766475737094879 0.5214052498340607 
vt 0.07283925265073776 0.5260761678218842 
vt 0.05905275046825409 0.5314217805862427 
vt 0.05460026115179062 0.5281381011009216 
vt 0.04692577198147774 0.5392138361930847 
vt 0.09669537097215652 0.4959293603897095 
vt 0.7588221430778503 0.8938277140259743 
vt 0.7871431112289429 0.8720239847898483 
vt 0.8085428476333618 0.9042973071336746 
vt 0.7502385377883911 0.8481255322694778 
vt 0.7804717421531677 0.8403228372335434 
vt 0.7673385143280029 0.918630838394165 
vt 0.7281347513198853 0.8593124151229858 
vt 0.7184684872627258 0.8849505707621574 
vt 0.7332244515419006 0.9303167164325714 
vt 0.758224368095398 0.9461349062621593 
vt 0.7884343266487122 0.9533453695476055 
vt 0.8115100860595703 0.9164566099643707 
vt 0.7708947658538818 0.9835511893033981 
vt 0.7272328734397888 0.9602156095206738 
vt 0.7382305264472961 0.9770575910806656 
vt 0.822297215461731 0.9067815393209457 
vt 0.8261232972145081 0.9549000896513462 
vt 0.8129985928535461 0.9848582502454519 
vt 0.8141810297966003 0.8853820264339447 
vt 0.8392942547798157 0.9100149646401405 
vt 0.8308848142623901 0.8477770239114761 
vt 0.8036049008369446 0.8200676590204239 
vt 0.849846363067627 0.9932608180679381 
vt 0.847780704498291 0.8983112722635269 
vt 0.8837417364120483 0.9460821226239204 
vt 0.8767921328544617 0.9123748019337654 
vt 0.8836004734039307 0.8540228754281998 
vt 0.8454577922821045 0.8274058401584625 
vt 0.9076576828956604 0.9191715568304062 
vt 0.9076576828956604 0.8831721842288971 
vt 0.9038182497024536 0.9578883238136768 
vt 0.8932732343673706 0.8322356194257736 
vt 0.7763675451278687 0.8142616897821426 
vt 0.8476353287696838 0.8121019154787064 
vt 0.8816352486610413 0.9995625546725933 
vt 0.8733524084091187 0.8070866167545319 
vt 0.7437336444854736 0.8113461434841156 
vt 0.09351753443479538 0.34052562713623047 
vt 0.12279441952705383 0.3735199570655823 
vt 0.0753880962729454 0.36461782455444336 
vt 0.07073688507080078 0.3424672484397888 
vt 0.12023565918207169 0.3998929262161255 
vt 0.08379895985126495 0.4046369194984436 
vt 0.059040915220975876 0.39320123195648193 
vt 0.13656368851661682 0.3481343984603882 
vt 0.12326459586620331 0.3169108033180237 
vt 0.10275445878505707 0.2929946184158325 
vt 0.062080953270196915 0.303017258644104 
vt 0.0478261299431324 0.3517807126045227 
vt 0.0637010857462883 0.27259206771850586 
vt 0.1288459748029709 0.2784072756767273 
vt 0.04020021855831146 0.29164570569992065 
vt 0.03192274272441864 0.3293359875679016 
vt 0.09955672919750214 0.2511143088340759 
vt 0.03608458489179611 0.37822115421295166 
vt 0.04790756478905678 0.2361457347869873 
vt 0.02905200608074665 0.23839974403381348 
vt 0.008962363936007023 0.2939329147338867 
vt 0.007786983624100685 0.353768527507782 
vt 0.0046434346586465836 0.2525026798248291 
vt 0.07478812336921692 0.2028072476387024 
vt 0.00048650868120603263 0.3252648115158081 
vt 0.04724535718560219 0.19890600442886353 
vt 0.11594220250844955 0.23188239336013794 
vt 0.16384612023830414 0.32056254148483276 
vt 0.16145357489585876 0.28853702545166016 
vt 0.16711711883544922 0.34984660148620605 
vt 0.15757672488689423 0.23536884784698486 
vt 0.1520395427942276 0.38027632236480713 
vt 0.11995060741901398 0.18665969371795654 
vt 0.14858326315879822 0.19676470756530762 
vt 0.16711711883544922 0.19078713655471802 
vt 0.00045045046135783195 0.20793020725250244 
vt 0.028347978368401527 0.18328958749771118 
vt 0.4169118106365204 0.08039724826812744 
vt 0.435037761926651 0.037304699420928955 
vt 0.4089759588241577 0.04664570093154907 
vt 0.3892413079738617 0.0808936357498169 
vt 0.3969634771347046 0.040124595165252686 
vt 0.4221172034740448 0.036659955978393555 
vt 0.4469175934791565 0.05441892147064209 
vt 0.43475961685180664 0.0906972885131836 
vt 0.4525093734264374 0.03608733415603638 
vt 0.47375762462615967 0.051621198654174805 
vt 0.46597525477409363 0.08369678258895874 
vt 0.48768672347068787 0.03162509202957153 
vt 0.4950341582298279 0.07811444997787476 
vt 0.5141506791114807 0.05906182527542114 
vt 0.5045563578605652 0.017451226711273193 
vt 0.483774870634079 0.023001551628112793 
vt 0.5238738656044006 0.03069847822189331 
vt 0.5144889950752258 0.0004374384880065918 
vt 0.3982624411582947 0.09580051898956299 
vt 0.3708013892173767 0.0345919132232666 
vt 0.3486466705799103 0.08540606498718262 
vt 0.36703717708587646 0.09327816963195801 
vt 0.34061357378959656 0.029316842555999756 
vt 0.3313089907169342 0.07751542329788208 
vt 0.31905311346054077 0.06269395351409912 
vt 0.30400440096855164 0.035614192485809326 
vt 0.3152591586112976 0.01305299997329712 
vt 0.2914414405822754 0.0004374384880065918 
vt 0.9172384738922119 0.3948019742965698 
vt 0.9194620847702026 0.42369407415390015 
vt 0.8975499868392944 0.41488581895828247 
vt 0.9105684757232666 0.44174015522003174 
vt 0.9026768803596497 0.39129209518432617 
vt 0.9034498333930969 0.3599012494087219 
vt 0.94305419921875 0.42984795570373535 
vt 0.9264319539070129 0.46953558921813965 
vt 0.9337119460105896 0.3542476296424866 
vt 0.9105215072631836 0.3387717604637146 
vt 0.9434856176376343 0.3207820653915405 
vt 0.924166202545166 0.3213769793510437 
vt 0.9602389335632324 0.2993106245994568 
vt 0.9804103374481201 0.3155198097229004 
vt 0.9528118968009949 0.3794406056404114 
vt 0.9671417474746704 0.3535672426223755 
vt 0.932642936706543 0.40264463424682617 
vt 0.9540759325027466 0.4032760262489319 
vt 0.9712886214256287 0.3349154591560364 
vt 0.943182110786438 0.4484363794326782 
vt 0.961094856262207 0.4367154836654663 
vt 0.9529519081115723 0.4636039137840271 
vt 0.9896396398544312 0.34306299686431885 
vt 0.9767355918884277 0.2847769260406494 
vt 0.9528625011444092 0.29591435194015503 
vt 0.9302641749382019 0.30694103240966797 
vt 0.9591829776763916 0.4516962766647339 
vt 0.9695395827293396 0.44931405782699585 
vt 0.9584993124008179 0.42070966958999634 
vt 0.8983455896377563 0.4412553310394287 
vt 0.8932432532310486 0.3878912329673767 
vt 0.931002140045166 0.4896765947341919 
vt 0.9538847208023071 0.5 
vt 0.9883498549461365 0.46869975328445435 
vt 0.9776160717010498 0.49784791469573975 
vt 0.9804788827896118 0.484616219997406 
vt 0.9896396398544312 0.45204460620880127 
vt 0.9653807282447815 0.3822183609008789 
vt 0.6803926229476929 0.08105874061584473 
vt 0.6791234612464905 0.1091567873954773 
vt 0.7116767168045044 0.08907151222229004 
vt 0.6980249881744385 0.0676153302192688 
vt 0.7394989728927612 0.07569855451583862 
vt 0.7354508638381958 0.11092084646224976 
vt 0.6998902559280396 0.13570010662078857 
vt 0.6669279336929321 0.1334126591682434 
vt 0.6410558819770813 0.10157692432403564 
vt 0.6449987292289734 0.08098399639129639 
vt 0.7068597674369812 0.1512976884841919 
vt 0.6616835594177246 0.1622922420501709 
vt 0.6370341181755066 0.1303892731666565 
vt 0.634844183921814 0.09457510709762573 
vt 0.7606323957443237 0.07553046941757202 
vt 0.7260105013847351 0.14575517177581787 
vt 0.7520051002502441 0.12703478336334229 
vt 0.6299428343772888 0.10505545139312744 
vt 0.7464441657066345 0.05425691604614258 
vt 0.7753289341926575 0.10552126169204712 
vt 0.6244573593139648 0.1334018111228943 
vt 0.616483211517334 0.11849838495254517 
vt 0.6341343522071838 0.1621544361114502 
vt 0.6176030039787292 0.16129297018051147 
vt 0.6746134757995605 0.05936086177825928 
vt 0.7118207812309265 0.036444008350372314 
vt 0.7349584102630615 0.026950418949127197 
vt 0.6124704480171204 0.1371057629585266 
vt 0.7833333611488342 0.07253581285476685 
vt 0.7708304524421692 0.03459352254867554 
vt 0.6000217795372009 0.1103440523147583 
vt 0.6194039583206177 0.09784024953842163 
vt 0.6000897288322449 0.09661585092544556 
vt 0.6225482821464539 0.08004254102706909 
vt 0.5957176685333252 0.07336455583572388 
vt 0.5957368016242981 0.05378711223602295 
vt 0.6174690127372742 0.05005502700805664 
vt 0.6074508428573608 0.032109618186950684 
vt 0.6284409761428833 0.039985477924346924 
vt 0.6228946447372437 0.011811017990112305 
vt 0.5943254828453064 0.14189118146896362 
vt 0.7465106248855591 0.011811017990112305 
vt 0.5941441655158997 0.16184508800506592 
vt 0.3524796664714813 0.30374109745025635 
vt 0.3671034574508667 0.28281939029693604 
vt 0.3432956039905548 0.2763500213623047 
vt 0.3785744309425354 0.3129061460494995 
vt 0.4050600528717041 0.3064571022987366 
vt 0.3322603404521942 0.29097801446914673 
vt 0.3326970934867859 0.3086557984352112 
vt 0.32320937514305115 0.30250298976898193 
vt 0.40952515602111816 0.2813764214515686 
vt 0.329095721244812 0.2773798704147339 
vt 0.2988832890987396 0.27604299783706665 
vt 0.29545751214027405 0.2811512351036072 
vt 0.3610977828502655 0.32697415351867676 
vt 0.3459819555282593 0.3403756022453308 
vt 0.362331360578537 0.3557642102241516 
vt 0.38357028365135193 0.2597265839576721 
vt 0.4150198996067047 0.2559759020805359 
vt 0.34432852268218994 0.25317883491516113 
vt 0.31718286871910095 0.25169485807418823 
vt 0.4314415454864502 0.3149498701095581 
vt 0.4419129192829132 0.28151440620422363 
vt 0.4420262575149536 0.3134702444076538 
vt 0.41820254921913147 0.32123374938964844 
vt 0.3500891923904419 0.3549908399581909 
vt 0.31423187255859375 0.35350358486175537 
vt 0.31292885541915894 0.3287914991378784 
vt 0.2781525254249573 0.3360689878463745 
vt 0.29929104447364807 0.3158847689628601 
vt 0.273556113243103 0.31230247020721436 
vt 0.25223976373672485 0.31575971841812134 
vt 0.2530566453933716 0.2972146272659302 
vt 0.2677540183067322 0.3588739037513733 
vt 0.24904581904411316 0.34470075368881226 
vt 0.23916323482990265 0.3701101541519165 
vt 0.20372804999351501 0.37280184030532837 
vt 0.26718151569366455 0.28830498456954956 
vt 0.2553454041481018 0.2861853837966919 
vt 0.29198628664016724 0.2746453285217285 
vt 0.29558706283569336 0.29282140731811523 
vt 0.23748275637626648 0.32664716243743896 
vt 0.27824991941452026 0.37641239166259766 
vt 0.21406017243862152 0.34446704387664795 
vt 0.3201645612716675 0.3754217028617859 
vt 0.30782651901245117 0.3121527433395386 
vt 0.43995070457458496 0.3272756338119507 
vt 0.3841211199760437 0.3353691101074219 
vt 0.1896396428346634 0.3563438057899475 
vt 0.4290996789932251 0.3334861397743225 
vt 0.45355233550071716 0.32996511459350586 
vt 0.4413949251174927 0.34062671661376953 
vt 0.24164175987243652 0.316719651222229 
vt 0.3482571542263031 0.37926506996154785 
vt 0.3588123619556427 0.37524962425231934 
vt 0.45427846908569336 0.31541907787323 
vt 0.26115864515304565 0.27632594108581543 
vt 0.2515709400177002 0.26782023906707764 
vt 0.47010135650634766 0.299841046333313 
vt 0.46412715315818787 0.29065126180648804 
vt 0.4820348918437958 0.2756063938140869 
vt 0.47670644521713257 0.2573491930961609 
vt 0.2991628348827362 0.24628174304962158 
vt 0.46193137764930725 0.2589113712310791 
vt 0.44466644525527954 0.2541932463645935 
vt 0.42514318227767944 0.24628174304962158 
vt 0.2810448110103607 0.254808247089386 
vt 0.4887387454509735 0.2502397894859314 
vt 0.4322236180305481 0.9612143859267235 
vt 0.3963712751865387 0.9376386366784573 
vt 0.39943376183509827 0.9671244099736214 
vt 0.40659698843955994 0.9309365078806877 
vt 0.4424425959587097 0.9535754136741161 
vt 0.4206565022468567 0.9168085232377052 
vt 0.44819819927215576 0.9184846803545952 
vt 0.4346635937690735 0.8945756778120995 
vt 0.3712642192840576 0.9564721211791039 
vt 0.3690813481807709 0.9797707088291645 
vt 0.41236117482185364 0.9861446795985103 
vt 0.3729135990142822 0.9925634297542274 
vt 0.4445713460445404 0.9760255757719278 
vt 0.34842246770858765 0.9099524170160294 
vt 0.3452373743057251 0.9245163053274155 
vt 0.36574214696884155 0.9180562943220139 
vt 0.3682239055633545 0.9045619294047356 
vt 0.3841896057128906 0.9143032729625702 
vt 0.35345911979675293 0.9485172107815742 
vt 0.3878864645957947 0.9293715581297874 
vt 0.3375920057296753 0.9106270968914032 
vt 0.33694136142730713 0.9728599283844233 
vt 0.33198198676109314 0.960302360355854 
vt 0.41261687874794006 0.9231268614530563 
vt 0.3629571795463562 0.8945756778120995 
vt 0.43533727526664734 0.19587630033493042 
vt 0.45477861166000366 0.1743992567062378 
vt 0.4321081340312958 0.1701488494873047 
vt 0.4623914062976837 0.1962141990661621 
vt 0.48126909136772156 0.1725149154663086 
vt 0.49208298325538635 0.1983357071876526 
vt 0.5127850770950317 0.19208425283432007 
vt 0.5169986486434937 0.16125255823135376 
vt 0.5445283055305481 0.18259745836257935 
vt 0.5401910543441772 0.19839167594909668 
vt 0.4447774291038513 0.2104111909866333 
vt 0.42367398738861084 0.19123470783233643 
vt 0.41120970249176025 0.17945516109466553 
vt 0.40035223960876465 0.19572651386260986 
vt 0.3998439610004425 0.1797141432762146 
vt 0.4118521213531494 0.20550602674484253 
vt 0.5378795266151428 0.16114771366119385 
vt 0.5500437021255493 0.17536640167236328 
vt 0.5513472557067871 0.14562851190567017 
vt 0.5567091107368469 0.195448100566864 
vt 0.48974063992500305 0.14397895336151123 
vt 0.45503368973731995 0.16171622276306152 
vt 0.4523469805717468 0.14149636030197144 
vt 0.5346076488494873 0.13744008541107178 
vt 0.5528680086135864 0.1330755352973938 
vt 0.36338576674461365 0.1788104772567749 
vt 0.4359438121318817 0.15147912502288818 
vt 0.4491996765136719 0.12079882621765137 
vt 0.411469042301178 0.12977701425552368 
vt 0.44585973024368286 0.10713285207748413 
vt 0.46077051758766174 0.09755033254623413 
vt 0.4749779999256134 0.10769671201705933 
vt 0.420007586479187 0.1058264970779419 
vt 0.3872238099575043 0.10959756374359131 
vt 0.3800012469291687 0.12726372480392456 
vt 0.36403512954711914 0.11589223146438599 
vt 0.3584653437137604 0.12981605529785156 
vt 0.34008413553237915 0.12776726484298706 
vt 0.34509924054145813 0.1359655261039734 
vt 0.3238738775253296 0.10750424861907959 
vt 0.3734924793243408 0.09755033254623413 
vt 0.3534620404243469 0.1539434790611267 
vt 0.3814311623573303 0.1486891508102417 
vt 0.3716137707233429 0.20030194520950317 
vt 0.5680720806121826 0.15945076942443848 
vt 0.5634256601333618 0.1711481213569641 
vt 0.5793635249137878 0.18844056129455566 
vt 0.5797297358512878 0.16439568996429443 
vt 0.3968994915485382 0.15308767557144165 
vt 0.4150601625442505 0.15071922540664673 
vt 0.9604630470275879 0.6865265071392059 
vt 0.9410853385925293 0.6553784906864166 
vt 0.9611994624137878 0.6424722671508789 
vt 0.938633918762207 0.6784394085407257 
vt 0.9457908868789673 0.6299683451652527 
vt 0.9581604599952698 0.5977014303207397 
vt 0.9431122541427612 0.6054908633232117 
vt 0.9423250555992126 0.577775627374649 
vt 0.9611033201217651 0.5608751773834229 
vt 0.9394447803497314 0.5546865165233612 
vt 0.934332013130188 0.5305248498916626 
vt 0.9548613429069519 0.5124267041683197 
vt 0.9273861050605774 0.5026246607303619 
vt 0.9418914318084717 0.7010559737682343 
vt 0.92940354347229 0.693183183670044 
vt 0.9259520173072815 0.7158109545707703 
vt 0.9584163427352905 0.7098269462585449 
vt 0.9695215821266174 0.5253930687904358 
vt 0.9323079586029053 0.733951598405838 
vt 0.9313958287239075 0.6432037353515625 
vt 0.9363523125648499 0.5991230607032776 
vt 0.9300873875617981 0.6207345724105835 
vt 0.9213007092475891 0.6292179524898529 
vt 0.9229560494422913 0.6645865738391876 
vt 0.9193693399429321 0.6189998984336853 
vt 0.9533238410949707 0.7370953559875488 
vt 0.9752252101898193 0.7136670351028442 
vt 0.9748733043670654 0.5657124221324921 
vt 0.9752252101898193 0.5925327241420746 
vt 0.9557435512542725 0.22937512397766113 
vt 0.9860941171646118 0.21442794799804688 
vt 0.9616621136665344 0.2011810541152954 
vt 0.9820342063903809 0.20258963108062744 
vt 0.9863609075546265 0.2372344732284546 
vt 0.9853764176368713 0.18261700868606567 
vt 0.9708541035652161 0.1756688952445984 
vt 0.9495182037353516 0.1799030303955078 
vt 0.9300723075866699 0.2009524703025818 
vt 0.9320189356803894 0.2340957522392273 
vt 0.9855527281761169 0.15753018856048584 
vt 0.996561586856842 0.1724848747253418 
vt 0.9667070508003235 0.1618661880493164 
vt 0.9968468546867371 0.15441817045211792 
vt 0.9864197373390198 0.19629228115081787 
vt 0.9494848847389221 0.15441817045211792 
vt 0.9274774789810181 0.1777198314666748 
vt 0.9565663933753967 0.24715662002563477 
vt 0.9371547698974609 0.8176154643297195 
vt 0.9588088393211365 0.8141433000564575 
vt 0.9526856541633606 0.8533867448568344 
vt 0.9745084047317505 0.8358712643384933 
vt 0.9869093298912048 0.8284523487091064 
vt 0.973217785358429 0.8581527471542358 
vt 0.9943139553070068 0.8443145453929901 
vt 0.9986486434936523 0.8704633563756943 
vt 0.9275394082069397 0.8451053351163864 
vt 0.9902217388153076 0.8052396029233932 
vt 0.9752569198608398 0.7900959551334381 
vt 0.9986486434936523 0.7869641333818436 
vt 0.9103603363037109 0.8361903131008148 
vt 0.9407948851585388 0.8013555705547333 
vt 0.918464183807373 0.869925394654274 
vt 0.9485987424850464 0.8695074915885925 
vt 0.9902694821357727 0.8267082273960114 
vt 0.9790537357330322 0.8805774301290512 
vt 0.030536334961652756 0.05994921922683716 
vt 0.056085679680109024 0.062323570251464844 
vt 0.03041898086667061 0.0375903844833374 
vt 0.01822499930858612 0.04289954900741577 
vt 0.06458000093698502 0.08328378200531006 
vt 0.08463407307863235 0.0545039176940918 
vt 0.09423532336950302 0.07591909170150757 
vt 0.11253368109464645 0.060488879680633545 
vt 0.1169113740324974 0.08791816234588623 
vt 0.08826731145381927 0.08863812685012817 
vt 0.0625840350985527 0.035335540771484375 
vt 0.10676263272762299 0.03528857231140137 
vt 0.11963136494159698 0.04204803705215454 
vt 0.07993321865797043 0.028782308101654053 
vt 0.028435012325644493 0.023512065410614014 
vt 0.11895108968019485 0.01693826913833618 
vt 0.10034750401973724 0.012685894966125488 
vt 0.00045045046135783195 0.012685894966125488 
vt 0.14184777438640594 0.032989323139190674 
vt 0.14149591326713562 0.05403602123260498 
vt 0.12951743602752686 0.07559847831726074 
vt 0.15914875268936157 0.05228346586227417 
vt 0.1779594123363495 0.03596895933151245 
vt 0.1666949987411499 0.062424302101135254 
vt 0.19616058468818665 0.04353833198547363 
vt 0.1890726387500763 0.07500690221786499 
vt 0.1519945114850998 0.07243680953979492 
vt 0.17652671039104462 0.08910012245178223 
vt 0.15981943905353546 0.0754900574684143 
vt 0.059414464980363846 0.10892391204833984 
vt 0.03436196595430374 0.10072112083435059 
vt 0.18406575918197632 0.09241735935211182 
vt 0.2169383317232132 0.09199756383895874 
vt 0.2031640112400055 0.10653436183929443 
vt 0.20559902489185333 0.06498146057128906 
vt 0.22600704431533813 0.06804102659225464 
vt 0.23918919265270233 0.09043681621551514 
vt 0.22894585132598877 0.05181705951690674 
vt 0.21231862902641296 0.04801851511001587 
vt 0.18813379108905792 0.3228949308395386 
vt 0.17415818572044373 0.3339236378669739 
vt 0.18151170015335083 0.30684226751327515 
vt 0.16621620953083038 0.3057742714881897 
vt 0.19510479271411896 0.33990478515625 
vt 0.16910573840141296 0.3411889672279358 
vt 0.166871577501297 0.3249666690826416 
vt 0.19594594836235046 0.3057742714881897 
vt 0.17327314615249634 0.3722659945487976 
vt 0.7444482445716858 0.456121563911438 
vt 0.7633697390556335 0.42889368534088135 
vt 0.772522509098053 0.457767128944397 
vt 0.768999457359314 0.46787989139556885 
vt 0.7436541318893433 0.46881335973739624 
vt 0.7692244648933411 0.4807524085044861 
vt 0.7400900721549988 0.4247593879699707 
vt 0.772522509098053 0.43053776025772095 
vt 0.24086113274097443 0.04232454299926758 
vt 0.22379453480243683 0.022831618785858154 
vt 0.20945945382118225 0.02409219741821289 
vt 0.22114461660385132 0.04505687952041626 
vt 0.2622242569923401 0.024134278297424316 
vt 0.2575542628765106 0.00891786813735962 
vt 0.2941441535949707 0.02389436960220337 
vt 0.2652025520801544 0.03599739074707031 
vt 0.24091187119483948 0.004811882972717285 
vt 0.21184378862380981 0.004811882972717285 
vt 0.7738927602767944 0.7208201885223389 
vt 0.8019040822982788 0.718230813741684 
vt 0.7879670858383179 0.7419831156730652 
vt 0.7740607261657715 0.7497991621494293 
vt 0.7931017875671387 0.7532103061676025 
vt 0.8049549460411072 0.7529535889625549 
vt 0.7915069460868835 0.7070719599723816 
vt 0.7541298866271973 0.7349166572093964 
vt 0.7487697005271912 0.718127429485321 
vt 0.7508405447006226 0.5763126015663147 
vt 0.7788689732551575 0.5722244381904602 
vt 0.7678408026695251 0.5847415328025818 
vt 0.7320051193237305 0.5895060002803802 
vt 0.7431027889251709 0.6226090788841248 
vt 0.737080991268158 0.5791345238685608 
vt 0.7832178473472595 0.6078291535377502 
vt 0.7639919519424438 0.6310080885887146 
vt 0.7820635437965393 0.6291031539440155 
vt 0.7784894704818726 0.6766587495803833 
vt 0.7504386901855469 0.6570346355438232 
vt 0.7632158398628235 0.6973742544651031 
vt 0.761715829372406 0.5650557577610016 
vt 0.7332749366760254 0.5685464143753052 
vt 0.7947340607643127 0.6828511953353882 
vt 0.728523850440979 0.6212281584739685 
vt 0.734224796295166 0.6647870242595673 
vt 0.7271633744239807 0.635574460029602 
vt 0.719157874584198 0.589302122592926 
vt 0.6836230754852295 0.5998048186302185 
vt 0.7387588620185852 0.691750556230545 
vt 0.6991247534751892 0.5740017592906952 
vt 0.7341838479042053 0.5532552599906921 
vt 0.6988283395767212 0.554150253534317 
vt 0.7007161974906921 0.5323795974254608 
vt 0.7407190203666687 0.5347391366958618 
vt 0.7415772676467896 0.5209973752498627 
vt 0.7615011930465698 0.5314392447471619 
vt 0.7705382108688354 0.5503937900066376 
vt 0.8049549460411072 0.5491011142730713 
vt 0.7883197665214539 0.5317327380180359 
vt 0.7428463697433472 0.7690311968326569 
vt 0.7261571884155273 0.743185967206955 
vt 0.7442787885665894 0.7309731841087341 
vt 0.7029328346252441 0.7569317668676376 
vt 0.7171977162361145 0.7800087630748749 
vt 0.7375050187110901 0.7831557393074036 
vt 0.6942780017852783 0.7788342833518982 
vt 0.7158926725387573 0.7205207347869873 
vt 0.7386727333068848 0.7122038006782532 
vt 0.7174394130706787 0.6905202269554138 
vt 0.7206553816795349 0.6697801053524017 
vt 0.7016403675079346 0.6875943243503571 
vt 0.6961228847503662 0.6553711891174316 
vt 0.6756331920623779 0.7270252406597137 
vt 0.710390031337738 0.621578574180603 
vt 0.7206628918647766 0.600743442773819 
vt 0.6773117184638977 0.6904667913913727 
vt 0.6732275485992432 0.7715883404016495 
vt 0.6671171188354492 0.730088472366333 
vt 0.74907386302948 0.7522095143795013 
vt 0.6988094449043274 0.6230841279029846 
vt 0.7204166650772095 0.794636070728302 
vt 0.7552182078361511 0.8079615086317062 
vt 0.21639180183410645 0.2426464557647705 
vt 0.193764328956604 0.2225322723388672 
vt 0.2012111097574234 0.2505696415901184 
vt 0.1990669071674347 0.19946974515914917 
vt 0.21823950111865997 0.2106572389602661 
vt 0.22370758652687073 0.17808091640472412 
vt 0.18727228045463562 0.16294491291046143 
vt 0.21687822043895721 0.2707786560058594 
vt 0.2113223820924759 0.14935636520385742 
vt 0.1976507008075714 0.1437552571296692 
vt 0.2380915731191635 0.15407902002334595 
vt 0.25791817903518677 0.16543734073638916 
vt 0.23057308793067932 0.20501309633255005 
vt 0.17919407784938812 0.18293052911758423 
vt 0.2721230983734131 0.1275641918182373 
vt 0.28729382157325745 0.15296947956085205 
vt 0.2607688903808594 0.18017631769180298 
vt 0.2548688054084778 0.22386199235916138 
vt 0.29395464062690735 0.2158898115158081 
vt 0.28662988543510437 0.18471378087997437 
vt 0.3008422255516052 0.19169247150421143 
vt 0.2836679220199585 0.24889791011810303 
vt 0.2562713921070099 0.2479492425918579 
vt 0.22964785993099213 0.23781567811965942 
vt 0.21859754621982574 0.22530686855316162 
vt 0.22151200473308563 0.25228697061538696 
vt 0.3078325390815735 0.16743677854537964 
vt 0.1762244701385498 0.2032153606414795 
vt 0.1803044229745865 0.1436949372291565 
vt 0.15602199733257294 0.15797513723373413 
vt 0.16192741692066193 0.12550747394561768 
vt 0.14899329841136932 0.1828184723854065 
vt 0.19231334328651428 0.13201671838760376 
vt 0.17579752206802368 0.23165565729141235 
vt 0.18794067203998566 0.11238276958465576 
vt 0.33198198676109314 0.1420084834098816 
vt 0.3140089511871338 0.12399035692214966 
vt 0.3137719929218292 0.10753107070922852 
vt 0.17392587661743164 0.09969973564147949 
vt 0.29282188415527344 0.09842520952224731 
vt 0.1446649730205536 0.09842520952224731 
vt 0.1362190991640091 0.1313684582710266 
vt 0.13288287818431854 0.15301549434661865 
vt 0.22952952980995178 0.13458096981048584 
vt 0.2586624324321747 0.13030916452407837 
vt 0.26953360438346863 0.10829246044158936 
vt 0.8381541967391968 0.4901919364929199 
vt 0.8046649098396301 0.468933641910553 
vt 0.840149462223053 0.47264307737350464 
vt 0.8153888583183289 0.45715415477752686 
vt 0.8051356673240662 0.4862877130508423 
vt 0.8285285234451294 0.5215753018856049 
vt 0.8024998307228088 0.5093807876110077 
vt 0.8019452691078186 0.5349956154823303 
vt 0.7789387702941895 0.5167562663555145 
vt 0.7883729934692383 0.4915129542350769 
vt 0.7877838015556335 0.48191672563552856 
vt 0.8222994804382324 0.4453948140144348 
vt 0.8441051840782166 0.44325077533721924 
vt 0.8664581179618835 0.4574078321456909 
vt 0.8210190534591675 0.42547696828842163 
vt 0.8142227530479431 0.44007593393325806 
vt 0.8638352155685425 0.42366814613342285 
vt 0.8509376645088196 0.39367884397506714 
vt 0.8134454488754272 0.41905784606933594 
vt 0.8950450420379639 0.44373619556427 
vt 0.8745238184928894 0.40393418073654175 
vt 0.8709929585456848 0.3769601583480835 
vt 0.8897098898887634 0.3726675510406494 
vt 0.8946549892425537 0.3579109311103821 
vt 0.8692503571510315 0.3504360318183899 
vt 0.842290461063385 0.37533944845199585 
vt 0.8246196508407593 0.39391911029815674 
vt 0.8211822509765625 0.36519855260849 
vt 0.7856356501579285 0.37813007831573486 
vt 0.788894772529602 0.3994675278663635 
vt 0.7894836664199829 0.35928064584732056 
vt 0.8167657256126404 0.33194226026535034 
vt 0.7708682417869568 0.37122642993927 
vt 0.7936277985572815 0.3305507302284241 
vt 0.7636517882347107 0.34788233041763306 
vt 0.8950450420379639 0.3303385376930237 
vt 0.8112546801567078 0.30402451753616333 
vt 0.8751723766326904 0.33311986923217773 
vt 0.7805195450782776 0.41881632804870605 
vt 0.7536035776138306 0.3989414572715759 
vt 0.7624766826629639 0.4162410497665405 
vt 0.8049035668373108 0.422652006149292 
vt 0.07250386476516724 0.4470738172531128 
vt 0.06108953803777695 0.4628908038139343 
vt 0.0635424256324768 0.4413914084434509 
vt 0.034737348556518555 0.4358060359954834 
vt 0.08426812291145325 0.4674602150917053 
vt 0.07621963322162628 0.47415828704833984 
vt 0.10008765757083893 0.4458174705505371 
vt 0.10225225239992142 0.42698442935943604 
vt 0.04297088086605072 0.42893409729003906 
vt 0.10225225239992142 0.4877515435218811 
vt 0.039088666439056396 0.4562605619430542 
vt 0.022072071209549904 0.4395040273666382 
vt 0.07045362889766693 0.4247593879699707 
vt 0.7964101433753967 0.79095458984375 
vt 0.8191502690315247 0.7860521674156189 
vt 0.8181473016738892 0.8034862130880356 
vt 0.8481981754302979 0.7843394577503204 
vt 0.7842584252357483 0.8070866167545319 
vt 0.7662162184715271 0.7843394577503204 
vt 0.4201783239841461 0.3857845067977905 
vt 0.43538376688957214 0.38285136222839355 
vt 0.41430023312568665 0.3731408715248108 
vt 0.42798155546188354 0.3911163806915283 
vt 0.416778028011322 0.40003514289855957 
vt 0.42036107182502747 0.40730077028274536 
vt 0.41625165939331055 0.4063653349876404 
vt 0.4062861204147339 0.3847842812538147 
vt 0.40687429904937744 0.4032987356185913 
vt 0.4373873770236969 0.40162360668182373 
vt 0.4347897469997406 0.41876739263534546 
vt 0.3932294249534607 0.40866929292678833 
vt 0.3944329023361206 0.4150189757347107 
vt 0.3745991587638855 0.4174644947052002 
vt 0.378991961479187 0.4062095880508423 
vt 0.3766882121562958 0.4560123682022095 
vt 0.345863401889801 0.4475919008255005 
vt 0.36808091402053833 0.46974629163742065 
vt 0.347758948802948 0.47078508138656616 
vt 0.3741712272167206 0.47206050157546997 
vt 0.3940025568008423 0.4652196764945984 
vt 0.3896281123161316 0.433324933052063 
vt 0.405702143907547 0.4479992389678955 
vt 0.4124451279640198 0.42379093170166016 
vt 0.38950204849243164 0.49370694160461426 
vt 0.41534098982810974 0.48781782388687134 
vt 0.3672471344470978 0.4377310872077942 
vt 0.3789006173610687 0.43110930919647217 
vt 0.4184185862541199 0.45557188987731934 
vt 0.4201589524745941 0.42951256036758423 
vt 0.3446948230266571 0.4372619390487671 
vt 0.3251610994338989 0.4661247134208679 
vt 0.33075276017189026 0.48638594150543213 
vt 0.30497023463249207 0.4798339009284973 
vt 0.3017599284648895 0.44497036933898926 
vt 0.2649104595184326 0.45429372787475586 
vt 0.2886700928211212 0.41759055852890015 
vt 0.2551235854625702 0.42620205879211426 
vt 0.2713717520236969 0.398365318775177 
vt 0.23081280291080475 0.39793193340301514 
vt 0.21501687169075012 0.45023536682128906 
vt 0.21144673228263855 0.4322894215583801 
vt 0.2488076090812683 0.4951854348182678 
vt 0.27938687801361084 0.5004221200942993 
vt 0.19984933733940125 0.47389256954193115 
vt 0.17177891731262207 0.4331621527671814 
vt 0.19472423195838928 0.3846859335899353 
vt 0.1579558551311493 0.38838082551956177 
vt 0.23117904365062714 0.5040184557437897 
vt 0.32017114758491516 0.5233948826789856 
vt 0.3008534610271454 0.53924161195755 
vt 0.32582345604896545 0.531611979007721 
vt 0.16084232926368713 0.3743674159049988 
vt 0.12117116898298264 0.43037164211273193 
vt 0.43272921442985535 0.4852299690246582 
vt 0.158294677734375 0.468082070350647 
vt 0.4341053366661072 0.43342453241348267 
vt 0.42069941759109497 0.5000546276569366 
vt 0.28851956129074097 0.5647419095039368 
vt 0.43235334753990173 0.4615284204483032 
vt 0.43366682529449463 0.45139163732528687 
vt 0.2401895374059677 0.3731408715248108 
vt 0.3609735667705536 0.41073018312454224 
vt 0.35441216826438904 0.4139006733894348 
vt 0.35529473423957825 0.5011512339115143 
vt 0.33895906805992126 0.5221669673919678 
vt 0.9091976881027222 0.3086317777633667 
vt 0.9092810153961182 0.32532650232315063 
vt 0.8779318928718567 0.3130316138267517 
vt 0.8750872015953064 0.3285214304924011 
vt 0.8540059924125671 0.3166961073875427 
vt 0.8981496691703796 0.28762537240982056 
vt 0.8665705919265747 0.28793054819107056 
vt 0.9130630493164062 0.2825419306755066 
vt 0.8418622016906738 0.28553974628448486 
vt 0.8234403729438782 0.309048056602478 
vt 0.8159051537513733 0.27344274520874023 
vt 0.7974998950958252 0.2714325189590454 
vt 0.8558910489082336 0.198233962059021 
vt 0.8679620623588562 0.17398422956466675 
vt 0.8791024684906006 0.1889195442199707 
vt 0.885723352432251 0.2290385365486145 
vt 0.8588124513626099 0.23254144191741943 
vt 0.8292427659034729 0.18848222494125366 
vt 0.8496659994125366 0.17874109745025635 
vt 0.8158285021781921 0.16049039363861084 
vt 0.8570738434791565 0.25568825006484985 
vt 0.8527811765670776 0.16781294345855713 
vt 0.8874740600585938 0.2621840834617615 
vt 0.8310500979423523 0.24095511436462402 
vt 0.8127701878547668 0.21454191207885742 
vt 0.8102695345878601 0.25406086444854736 
vt 0.8342112898826599 0.14349782466888428 
vt 0.7821588516235352 0.20072013139724731 
vt 0.7761261463165283 0.22278106212615967 
vt 0.7805342078208923 0.24090570211410522 
vt 0.8093805313110352 0.13251078128814697 
vt 0.8298999667167664 0.12701177597045898 
vt 0.8207998871803284 0.11944323778152466 
vt 0.8483133912086487 0.1153295636177063 
vt 0.7976255416870117 0.144720196723938 
vt 0.7871179580688477 0.13969945907592773 
vt 0.793057918548584 0.1174430251121521 
vt 0.827252984046936 0.10542434453964233 
vt 0.9129682779312134 0.2480124831199646 
vt 0.8053881525993347 0.17790067195892334 
vt 0.8554078936576843 0.12773871421813965 
vt 0.8991787433624268 0.20746761560440063 
vt 0.8870436549186707 0.14174896478652954 
vt 0.8885576725006104 0.13032346963882446 
vt 0.9130630493164062 0.14811259508132935 
vt 0.8835289478302002 0.17723309993743896 
vt 0.8942984342575073 0.18309074640274048 
vt 0.22873546183109283 0.5168951451778412 
vt 0.20986463129520416 0.5306777656078339 
vt 0.2366129606962204 0.5384951829910278 
vt 0.20089803636074066 0.5134308338165283 
vt 0.18693692982196808 0.5078740119934082 
vt 0.25114983320236206 0.531440943479538 
vt 0.24364568293094635 0.5148599445819855 
vt 0.26441439986228943 0.5078740119934082 
vt 0.6905171275138855 0.516622930765152 
vt 0.6636123657226562 0.5343016088008881 
vt 0.6794628500938416 0.5349956154823303 
vt 0.7067567706108093 0.52480348944664 
vt 0.6626126170158386 0.516622930765152 
vt 0.7220720648765564 0.39048969745635986 
vt 0.7427927851676941 0.4005175828933716 
vt 0.7270388603210449 0.413385808467865 
vt 0.7427927851676941 0.3837488293647766 
vt 0.7310184836387634 0.37576550245285034 
vt 0.39031749963760376 0.22942334413528442 
vt 0.4148648679256439 0.2247837781906128 
vt 0.4036141633987427 0.21065205335617065 
vt 0.4128480553627014 0.23598575592041016 
vt 0.38515403866767883 0.24629181623458862 
vt 0.36887794733047485 0.2480459213256836 
vt 0.38145631551742554 0.21385478973388672 
vt 0.3916053771972656 0.2025371789932251 
vt 0.3631952106952667 0.2099049687385559 
vt 0.35298916697502136 0.2025371789932251 
vt 0.34296804666519165 0.20806866884231567 
vt 0.3384670913219452 0.22465556859970093 
vt 0.32402148842811584 0.22290372848510742 
vt 0.3275902271270752 0.24791580438613892 
vt 0.30675676465034485 0.24146395921707153 
vt 0.3496095538139343 0.24890637397766113 
vt 0.36721712350845337 0.231614887714386 
vt 0.3807261288166046 0.22385984659194946 
vt 0.6681837439537048 0.37087535858154297 
vt 0.6639363169670105 0.3824682831764221 
vt 0.6622549891471863 0.3650122880935669 
vt 0.6480855345726013 0.36306190490722656 
vt 0.6439093947410583 0.3826451897621155 
vt 0.6678746342658997 0.3930545449256897 
vt 0.6434858441352844 0.4117593765258789 
vt 0.670697033405304 0.4166231155395508 
vt 0.6802918314933777 0.3872601389884949 
vt 0.665769636631012 0.43201714754104614 
vt 0.6458505392074585 0.444489061832428 
vt 0.6329112648963928 0.3667920231819153 
vt 0.6682352423667908 0.460013747215271 
vt 0.6424048542976379 0.4686223268508911 
vt 0.6207523941993713 0.4629836082458496 
vt 0.6080096364021301 0.44197016954421997 
vt 0.630104124546051 0.4274774193763733 
vt 0.6163082718849182 0.41615647077560425 
vt 0.5969593524932861 0.44938260316848755 
vt 0.5992498397827148 0.4648202657699585 
vt 0.6097160577774048 0.388718843460083 
vt 0.5820303559303284 0.41531383991241455 
vt 0.6077017784118652 0.4137406349182129 
vt 0.5971254110336304 0.3712139129638672 
vt 0.5691696405410767 0.38195329904556274 
vt 0.6169649958610535 0.3631325960159302 
vt 0.5696475505828857 0.3489096164703369 
vt 0.614102303981781 0.47014641761779785 
vt 0.5736090540885925 0.4663216471672058 
vt 0.570213794708252 0.4475235939025879 
vt 0.5948998928070068 0.34560203552246094 
vt 0.6006850004196167 0.3221750855445862 
vt 0.5908671617507935 0.31881773471832275 
vt 0.5573195815086365 0.4123808741569519 
vt 0.6264240145683289 0.34086722135543823 
vt 0.6294960975646973 0.31945425271987915 
vt 0.641218900680542 0.3303833603858948 
vt 0.6529648900032043 0.3463320732116699 
vt 0.5668058395385742 0.32330501079559326 
vt 0.6550377011299133 0.3205822706222534 
vt 0.6575801372528076 0.3009892702102661 
vt 0.6233521699905396 0.29325854778289795 
vt 0.5740088224411011 0.3031737208366394 
vt 0.6100442409515381 0.30481815338134766 
vt 0.5896618366241455 0.2867293357849121 
vt 0.669090986251831 0.3470919728279114 
vt 0.6694914102554321 0.3549688458442688 
vt 0.668095052242279 0.32136476039886475 
vt 0.6832022666931152 0.32569777965545654 
vt 0.6940147280693054 0.3497292995452881 
vt 0.6850583553314209 0.3517420291900635 
vt 0.7068215012550354 0.3391570448875427 
vt 0.7085821628570557 0.3687647581100464 
vt 0.6871070265769958 0.3695697784423828 
vt 0.55373215675354 0.39152663946151733 
vt 0.678134560585022 0.30953359603881836 
vt 0.7014783620834351 0.32093095779418945 
vt 0.6695472002029419 0.3678674101829529 
vt 0.5397607088088989 0.36326098442077637 
vt 0.5444608926773071 0.34042471647262573 
vt 0.5626107454299927 0.31373918056488037 
vt 0.5154238939285278 0.4386005401611328 
vt 0.5274980664253235 0.45279794931411743 
vt 0.5079642534255981 0.4568966031074524 
vt 0.4975133538246155 0.42180895805358887 
vt 0.48830732703208923 0.43017029762268066 
vt 0.4797297418117523 0.3951464891433716 
vt 0.4900939464569092 0.38927412033081055 
vt 0.4818103611469269 0.3534884452819824 
vt 0.49405935406684875 0.35714924335479736 
vt 0.4926154613494873 0.3204006552696228 
vt 0.5081549286842346 0.31956660747528076 
vt 0.5102091431617737 0.30044686794281006 
vt 0.4985309839248657 0.299286425113678 
vt 0.5124518871307373 0.382210910320282 
vt 0.5374448299407959 0.2786526679992676 
vt 0.5585504770278931 0.2804429531097412 
vt 0.5546723008155823 0.47112858295440674 
vt 0.6929797530174255 0.3815588355064392 
vt 0.7123345136642456 0.38696610927581787 
vt 0.7202702760696411 0.3640959858894348 
vt 0.6874977350234985 0.3957759141921997 
vt 0.6814187169075012 0.41253501176834106 
vt 0.7025294899940491 0.41723060607910156 
vt 0.7172863483428955 0.41580110788345337 
vt 0.6811206340789795 0.4320605397224426 
vt 0.7202702760696411 0.43290579319000244 
vt 0.6969050765037537 0.45053720474243164 
vt 0.6130630373954773 0.7364926338195801 
vt 0.630839467048645 0.7257130742073059 
vt 0.6174104809761047 0.7228125631809235 
vt 0.6280060410499573 0.7440944910049438 
vt 0.653167724609375 0.7381469905376434 
vt 0.6274515986442566 0.7108486294746399 
vt 0.6698198318481445 0.7108486294746399 
vt 0.9508881568908691 0.062157511711120605 
vt 0.9616010785102844 0.05719351768493652 
vt 0.940260648727417 0.038932621479034424 
vt 0.9209257364273071 0.0448114275932312 
vt 0.9258474707603455 0.07161587476730347 
vt 0.8991209268569946 0.07608342170715332 
vt 0.9076409339904785 0.11508893966674805 
vt 0.9376983642578125 0.09960490465164185 
vt 0.9175983667373657 0.1194225549697876 
vt 0.9662162065505981 0.09021127223968506 
vt 0.9571695923805237 0.10832220315933228 
vt 0.9014090895652771 0.04618072509765625 
vt 0.8712232708930969 0.05099761486053467 
vt 0.8597345948219299 0.0683550238609314 
vt 0.8545045256614685 0.038932621479034424 
vt 0.32297298312187195 0.4317585229873657 
vt 0.32660093903541565 0.415008008480072 
vt 0.34099099040031433 0.4313815236091614 
vt 0.34099099040031433 0.4046369194984436 
vt 0.6710421442985535 0.19234740734100342 
vt 0.68570476770401 0.20460033416748047 
vt 0.680587887763977 0.18791693449020386 
vt 0.6626954078674316 0.21297359466552734 
vt 0.6993018984794617 0.1851157546043396 
vt 0.7049300670623779 0.20687884092330933 
vt 0.7239793539047241 0.19580161571502686 
vt 0.7207741737365723 0.17326176166534424 
vt 0.7077548503875732 0.16491687297821045 
vt 0.7256141901016235 0.20295870304107666 
vt 0.6963797807693481 0.17513161897659302 
vt 0.7374802231788635 0.1758822798728943 
vt 0.7334880232810974 0.19392913579940796 
vt 0.7344282865524292 0.21096575260162354 
vt 0.7544379830360413 0.19069916009902954 
vt 0.7497071027755737 0.18038427829742432 
vt 0.6612857580184937 0.19108134508132935 
vt 0.6324698328971863 0.21313554048538208 
vt 0.6368818879127502 0.19159215688705444 
vt 0.7108314633369446 0.21979349851608276 
vt 0.6937363743782043 0.22268521785736084 
vt 0.7060425281524658 0.2525016665458679 
vt 0.6826267838478088 0.25743329524993896 
vt 0.7037307620048523 0.27654069662094116 
vt 0.7252563834190369 0.27640753984451294 
vt 0.6831123232841492 0.29056477546691895 
vt 0.6719036102294922 0.2319350242614746 
vt 0.7332109212875366 0.24924707412719727 
vt 0.7416030764579773 0.227425217628479 
vt 0.7483214735984802 0.24951398372650146 
vt 0.7384123206138611 0.2881472110748291 
vt 0.7634974718093872 0.28286081552505493 
vt 0.7661327719688416 0.2604019045829773 
vt 0.7806306481361389 0.2956005930900574 
vt 0.6373186707496643 0.2243068814277649 
vt 0.648277759552002 0.24652528762817383 
vt 0.6226562261581421 0.25039875507354736 
vt 0.6498057842254639 0.2601431608200073 
vt 0.6648879051208496 0.2664005160331726 
vt 0.6172340512275696 0.21893370151519775 
vt 0.6568581461906433 0.2896096110343933 
vt 0.6042618751525879 0.2077154517173767 
vt 0.6299883723258972 0.2807517647743225 
vt 0.6004127860069275 0.27379071712493896 
vt 0.5985351204872131 0.2481297254562378 
vt 0.598521888256073 0.2200709581375122 
vt 0.5826721787452698 0.27988672256469727 
vt 0.6065161228179932 0.28463298082351685 
vt 0.5886308550834656 0.22258806228637695 
vt 0.5895544290542603 0.20598280429840088 
vt 0.5771639943122864 0.2046000361442566 
vt 0.6656370162963867 0.2961505055427551 
vt 0.5861608386039734 0.19306105375289917 
vt 0.5731257796287537 0.18785721063613892 
vt 0.6821267604827881 0.17649579048156738 
vt 0.5805830955505371 0.24385058879852295 
vt 0.5666742920875549 0.25387364625930786 
vt 0.568536639213562 0.21807527542114258 
vt 0.5568212270736694 0.27794796228408813 
vt 0.5495340824127197 0.22104710340499878 
vt 0.5460934042930603 0.25749731063842773 
vt 0.526576578617096 0.27369576692581177 
vt 0.6385382413864136 0.1803436279296875 
vt 0.6200852394104004 0.19890201091766357 
vt 0.6080762147903442 0.19336146116256714 
vt 0.6187844276428223 0.18536889553070068 
vt 0.5976701974868774 0.17213261127471924 
vt 0.6068801283836365 0.16491687297821045 
vt 0.622106671333313 0.175126850605011 
vt 0.7718129754066467 0.22912228107452393 
vt 0.7201083898544312 0.2899845242500305 
vt 0.9576001167297363 0.9033050164580345 
vt 0.950187087059021 0.8998606353998184 
vt 0.9625527858734131 0.8956400454044342 
vt 0.9496552348136902 0.9148694053292274 
vt 0.970946192741394 0.9172171577811241 
vt 0.9636796712875366 0.9426809810101986 
vt 0.9848572611808777 0.9220858290791512 
vt 0.9852761030197144 0.9528743363916874 
vt 0.9995495676994324 0.9328242391347885 
vt 0.9529486298561096 0.9824733138084412 
vt 0.995232880115509 0.9178747981786728 
vt 0.983745276927948 0.9734283685684204 
vt 0.9719605445861816 0.9882473135367036 
vt 0.9513142704963684 0.9909962844103575 
vt 0.9995495676994324 0.9507864862680435 
vt 0.9780447483062744 0.9063970968127251 
vt 0.99510258436203 0.9124223813414574 
vt 0.9362215399742126 0.9418475665152073 
vt 0.9282143115997314 0.9799230415374041 
vt 0.9187111258506775 0.9180093929171562 
vt 0.9106993079185486 0.9669581018388271 
vt 0.9103603363037109 0.932980366051197 
vt 0.9385443329811096 0.8992783948779106 
vt 0.9225373864173889 0.9925634297542274 
vt 0.9153751730918884 0.8919510096311569 
vt 0.972522497177124 0.0835375189781189 
vt 0.9896396398544312 0.07567805051803589 
vt 0.9811205863952637 0.08623534440994263 
vt 0.9798862338066101 0.09877926111221313 
vt 0.9896396398544312 0.10772168636322021 
vt 0.9816796779632568 0.12467193603515625 
vt 0.07342342287302017 0.90145093947649 
vt 0.05919986590743065 0.8953134417533875 
vt 0.05639231204986572 0.8910761177539825 
vt 0.04190969467163086 0.8945759013295174 
vt 0.06550096720457077 0.921163521707058 
vt 0.042794596403837204 0.9229656606912613 
vt 0.04602744057774544 0.9540682397782803 
vt 0.033135950565338135 0.9441825151443481 
vt 0.025234224274754524 0.9089018628001213 
vt 0.07342342287302017 0.9508808627724648 
vt 0.0031531532295048237 0.9244489893317223 
vt 0.02884122170507908 0.8964524865150452 
vt 0.022972196340560913 0.9505979008972645 
vt 0.010382012464106083 0.9378611594438553 
vt 0.5604389309883118 0.06936979293823242 
vt 0.5815315246582031 0.07392823696136475 
vt 0.5815315246582031 0.021524012088775635 
vt 0.5572072267532349 0.038112103939056396 
vt 0.5634638071060181 0.009186327457427979 
vt 0.8022522330284119 0.08695113658905029 
vt 0.8121621608734131 0.10017496347427368 
vt 0.8121621608734131 0.05993002653121948 
vt 0.12477477639913559 0.4405074119567871 
vt 0.1112612634897232 0.46364229917526245 
vt 0.12477477639913559 0.46675413846969604 
vt 0.48513513803482056 0.7544871270656586 
vt 0.49414414167404175 0.7685914188623428 
vt 0.49414414167404175 0.7353455722332001 
vt 0.4854617416858673 0.7394469380378723 
vt 0.5283783674240112 0.9251968488097191 
vt 0.5048418045043945 0.934820644557476 
vt 0.49864864349365234 0.9251968488097191 
vt 0.34276965260505676 0.632587343454361 
vt 0.3111587464809418 0.626604288816452 
vt 0.32766425609588623 0.6126933693885803 
vt 0.30675676465034485 0.6188401579856873 
vt 0.3702617287635803 0.6246281266212463 
vt 0.3618265986442566 0.6065461337566376 
vt 0.3336167335510254 0.6564759910106659 
vt 0.3909437954425812 0.633623480796814 
vt 0.3854449391365051 0.6094034910202026 
vt 0.3484131991863251 0.5889618694782257 
vt 0.3826660215854645 0.6505579948425293 
vt 0.4127318859100342 0.6477068364620209 
vt 0.3909297287464142 0.6759970486164093 
vt 0.3906453549861908 0.572737067937851 
vt 0.32728517055511475 0.579138994216919 
vt 0.41861656308174133 0.6049421429634094 
vt 0.35788995027542114 0.6683886051177979 
vt 0.3588258624076843 0.6914494931697845 
vt 0.3725171685218811 0.7004950940608978 
vt 0.3353632688522339 0.6863510608673096 
vt 0.33132871985435486 0.6755530834197998 
vt 0.4265202581882477 0.6712900400161743 
vt 0.41931867599487305 0.6936744153499603 
vt 0.45419785380363464 0.6835139393806458 
vt 0.45406675338745117 0.7139777541160583 
vt 0.42974328994750977 0.7229908406734467 
vt 0.41470062732696533 0.7219957709312439 
vt 0.4815315306186676 0.7003658711910248 
vt 0.4746512174606323 0.7199454009532928 
vt 0.45380619168281555 0.652053028345108 
vt 0.4703899621963501 0.6674657166004181 
vt 0.32674992084503174 0.6047316193580627 
vt 0.38628873229026794 0.7230158448219299 
vt 0.37206822633743286 0.5727419853210449 
vt 0.39187368750572205 0.5527773797512054 
vt 0.41932666301727295 0.5487505793571472 
vt 0.41871172189712524 0.5414299964904785 
vt 0.43653208017349243 0.5382241308689117 
vt 0.43868568539619446 0.5663691461086273 
vt 0.3913611173629761 0.5429497361183167 
vt 0.4687424600124359 0.5536035895347595 
vt 0.44953909516334534 0.5231192409992218 
vt 0.4781801998615265 0.522013783454895 
vt 0.41021156311035156 0.524077445268631 
vt 0.46475642919540405 0.5823358297348022 
vt 0.43631449341773987 0.5980377197265625 
vt 0.45884937047958374 0.6026254296302795 
vt 0.4815315306186676 0.5854965448379517 
vt 0.35109683871269226 0.577221006155014 
vt 0.3712135851383209 0.5496123433113098 
vt 0.45842763781547546 0.5145457983016968 
vt 0.34722286462783813 0.6515647768974304 
vt 0.4720088243484497 0.5886172354221344 
vt 0.4033385217189789 0.706287682056427 
vt 0.432498574256897 0.7474693655967712 
vt 0.3190692067146301 0.6997020244598389 
vt 0.34602564573287964 0.5678874254226685 
vt 0.333884060382843 0.5590537190437317 
vt 0.4059889018535614 0.7584895938634872 
vt 0.4101651608943939 0.7764117419719696 
vt 0.3946578800678253 0.7742749601602554 
vt 0.38359034061431885 0.7589748054742813 
vt 0.40348294377326965 0.8035378158092499 
vt 0.418671578168869 0.8031861782073975 
vt 0.41298943758010864 0.8324584364891052 
vt 0.43426936864852905 0.8257810175418854 
vt 0.45275643467903137 0.7961313128471375 
vt 0.443434476852417 0.7688137739896774 
vt 0.46017464995384216 0.7357229590415955 
vt 0.43533846735954285 0.6284052729606628 
vt 0.4125344157218933 0.5753397047519684 
vt 0.431138813495636 0.5179421603679657 
vt 0.45085471868515015 0.509415328502655 
vt 0.4355379343032837 0.4994109272956848 
vt 0.44933125376701355 0.4886264204978943 
vt 0.417052298784256 0.5093797147274017 
vt 0.36454078555107117 0.6402646005153656 
vt 0.3759838044643402 0.49550825357437134 
vt 0.3539316952228546 0.5536430776119232 
vt 0.3412027060985565 0.5570138990879059 
vt 0.40042784810066223 0.7320110499858856 
vt 0.3849376142024994 0.5196347832679749 
vt 0.3548882007598877 0.5284234881401062 
vt 0.36720216274261475 0.5202983915805817 
vt 0.4754137098789215 0.6172337830066681 
vt 0.4602622091770172 0.7751774489879608 
vt 0.480730265378952 0.7815924137830734 
vt 0.31007078289985657 0.5934080481529236 
vt 0.39468804001808167 0.7255626618862152 
vt 0.9103603363037109 0.013641774654388428 
vt 0.9328829050064087 0.008311450481414795 
vt 0.9328829050064087 0.03368330001831055 
vt 0.9977477192878723 0.6217401027679443 
vt 0.9833333492279053 0.6243798434734344 
vt 0.9892928004264832 0.5962379574775696 
vt 0.9977477192878723 0.6513560712337494 
vt 0.6587289571762085 0.5367453992366791 
vt 0.6211711764335632 0.5367453992366791 
vt 0.6230940818786621 0.5523747503757477 
vt 0.6590089797973633 0.555992990732193 
vt 0.7554054260253906 0.36001747846603394 
vt 0.7391892075538635 0.3427589535713196 
vt 0.7554054260253906 0.3162729740142822 
vt 0.3932432532310486 0.3363954424858093 
vt 0.3680180311203003 0.3363954424858093 
vt 0.3696563243865967 0.3571738600730896 
vt 0.3732236325740814 0.37051618099212646 
usemtl mat0 
f 564/452 995/446 998/445 
f 656/438 245/442 474/448 
f 411/1439 699/1436 686/1440 
f 274/356 477/313 701/353 
f 693/500 933/501 672/497 
f 205/1106 573/1092 282/1091 
f 299/1256 422/1255 738/1253 
f 281/1492 199/1500 492/1473 
f 716/590 425/588 757/574 
f 187/1115 429/1120 593/1100 
f 945/1097 168/1104 493/1101 
f 289/1417 512/1426 776/1443 
f 506/542 169/541 751/552 
f 516/971 504/975 159/979 
f 760/217 155/216 510/218 
f 92/1043 497/1069 1001/1040 
f 438/839 132/835 131/836 
f 788/219 761/225 115/234 
f 104/1316 808/1304 832/1300 
f 617/1050 978/1058 609/1057 
f 834/1322 344/1314 446/1321 
f 835/1326 952/1328 99/1327 
f 985/1250 356/1248 63/1247 
f 72/5 73/3 862/18 
f 862/18 452/17 885/16 
f 640/661 353/657 908/660 
f 633/1208 376/1207 623/1205 
f 45/47 888/30 639/27 
f 386/1209 872/1212 373/1211 
f 636/1264 880/1262 15/1263 
f 895/1172 32/1165 897/1169 
f 649/1005 39/1000 879/1001 
f 401/1223 648/1224 3/1235 
f 998/445 240/439 239/443 
f 245/442 243/430 997/437 
f 231/333 999/314 470/334 
f 248/302 930/306 244/286 
f 566/290 976/291 236/288 
f 686/902 215/888 664/903 
f 227/289 666/304 688/305 
f 255/295 690/296 566/290 
f 234/928 473/926 259/927 
f 706/503 933/501 415/502 
f 257/495 707/493 218/494 
f 268/924 479/919 983/923 
f 414/376 573/378 263/377 
f 735/922 983/923 479/919 
f 206/1447 201/1425 271/1482 
f 194/366 663/370 193/362 
f 581/498 257/495 720/499 
f 710/1455 429/1493 725/1451 
f 492/1473 741/1472 424/1470 
f 291/890 197/889 183/906 
f 586/365 946/389 729/369 
f 735/922 488/918 489/952 
f 431/1117 724/1116 171/1111 
f 184/1419 726/1420 289/1417 
f 169/541 752/537 492/540 
f 168/1104 742/1089 493/1101 
f 295/593 758/581 484/589 
f 162/855 733/854 744/856 
f 160/913 503/916 488/918 
f 297/983 759/972 435/980 
f 721/908 434/911 298/912 
f 500/536 128/535 601/546 
f 149/578 181/582 596/575 
f 151/1099 491/1098 138/1093 
f 313/746 755/744 501/745 
f 314/679 436/675 767/664 
f 330/579 322/580 149/578 
f 304/1385 782/1388 147/1387 
f 510/218 788/219 955/254 
f 791/409 511/413 153/405 
f 125/687 134/682 769/680 
f 786/248 526/255 785/249 
f 789/229 97/241 115/234 
f 605/417 604/421 327/425 
f 607/599 329/601 136/600 
f 315/1158 106/1159 332/1160 
f 957/1303 105/1329 104/1316 
f 953/1297 532/1305 334/1299 
f 121/1290 515/1292 524/1291 
f 349/539 535/530 129/531 
f 370/548 980/534 352/533 
f 342/623 798/602 111/612 
f 610/604 607/599 66/597 
f 105/736 854/718 86/735 
f 810/1323 834/1322 835/1326 
f 357/261 527/264 632/262 
f 66/597 803/586 851/596 
f 823/1055 455/1056 624/1052 
f 823/1055 624/1052 617/1050 
f 91/770 626/771 540/762 
f 861/95 75/1 74/2 
f 366/26 90/74 629/31 
f 66/597 45/613 610/604 
f 871/1243 346/1244 870/1216 
f 449/200 549/205 912/206 
f 394/29 381/13 966/14 
f 384/1242 894/1217 895/1172 
f 895/1172 643/1171 385/1246 
f 643/1171 895/1172 897/1169 
f 968/1196 376/1207 633/1208 
f 403/117 398/111 987/118 
f 648/1224 28/1206 652/1240 
f 396/1190 459/1202 401/1223 
f 22/776 907/766 21/763 
f 559/1021 560/1023 11/1019 
f 13/473 923/476 655/474 
f 404/465 402/470 6/464 
f 406/1022 11/1019 560/1023 
f 22/776 21/763 5/775 
f 925/773 5/775 4/769 
f 563/427 997/437 243/430 
f 657/440 562/436 242/435 
f 241/441 929/447 245/442 
f 248/302 235/287 931/300 
f 235/287 467/292 931/300 
f 249/428 465/429 676/431 
f 251/456 412/454 250/434 
f 932/457 469/460 232/453 
f 223/390 564/396 466/397 
f 217/1453 470/1452 221/1454 
f 231/1459 470/1452 661/1456 
f 662/1496 410/1464 471/1458 
f 687/368 930/306 248/302 
f 666/901 214/896 688/897 
f 472/297 566/290 690/296 
f 225/323 706/338 671/339 
f 474/929 576/925 473/926 
f 708/228 578/227 468/240 
f 208/239 659/235 224/251 
f 208/422 660/393 270/394 
f 565/398 469/403 695/399 
f 935/375 683/374 684/373 
f 203/310 574/309 692/301 
f 577/181 251/186 416/183 
f 577/181 412/185 251/186 
f 568/237 209/224 211/236 
f 723/391 223/390 480/392 
f 682/1449 710/1455 207/1448 
f 691/303 690/296 702/307 
f 570/517 705/504 478/516 
f 416/985 212/984 278/981 
f 192/238 211/236 942/223 
f 211/236 192/238 939/247 
f 269/222 209/224 578/227 
f 709/163 681/180 423/157 
f 585/164 490/170 709/163 
f 207/1448 725/1451 482/1446 
f 710/1455 725/1451 207/1448 
f 572/1423 579/1427 184/1419 
f 216/1450 271/1482 698/1457 
f 712/387 414/376 264/388 
f 183/906 197/889 254/891 
f 272/379 728/381 713/380 
f 272/379 580/382 728/381 
f 195/385 417/386 220/348 
f 717/355 274/356 701/353 
f 733/854 703/857 744/856 
f 296/505 705/504 415/502 
f 415/502 693/500 177/510 
f 422/915 299/910 721/908 
f 696/395 191/400 287/401 
f 170/1488 189/1463 279/1422 
f 740/1416 279/1422 184/1419 
f 201/1425 726/1420 579/1427 
f 941/1438 183/1466 198/1437 
f 494/1471 424/1470 741/1472 
f 580/382 196/384 582/383 
f 418/886 944/885 430/887 
f 193/362 586/365 194/366 
f 583/893 1000/853 732/874 
f 294/865 732/874 1000/853 
f 716/590 181/582 731/591 
f 704/867 276/859 733/854 
f 485/634 419/632 588/630 
f 153/405 428/408 480/392 
f 594/1429 739/1428 188/1431 
f 739/1428 594/1429 200/1424 
f 167/610 946/627 977/637 
f 178/670 162/672 744/673 
f 297/983 175/992 759/972 
f 300/819 496/818 495/820 
f 309/423 286/411 605/417 
f 594/553 764/557 139/550 
f 303/1087 493/1101 742/1089 
f 313/609 946/627 984/608 
f 946/627 167/610 984/608 
f 163/669 164/667 437/668 
f 160/913 434/911 305/914 
f 771/935 434/911 748/909 
f 158/978 159/979 504/975 
f 788/219 155/216 591/220 
f 789/229 761/225 202/226 
f 512/1047 499/1079 597/1064 
f 142/1414 740/1416 289/1417 
f 595/848 150/849 137/847 
f 765/611 329/601 984/608 
f 769/680 134/682 148/681 
f 818/525 316/528 989/519 
f 316/969 600/968 759/972 
f 785/249 760/217 786/248 
f 131/836 509/843 772/840 
f 776/1443 793/1499 317/1415 
f 317/1415 142/1414 776/1443 
f 130/547 139/550 606/551 
f 151/1099 138/1093 529/1094 
f 507/639 777/649 850/641 
f 137/707 800/689 766/677 
f 323/665 332/685 437/668 
f 135/595 126/618 780/577 
f 437/668 805/684 514/671 
f 135/595 780/577 781/592 
f 134/682 524/688 515/708 
f 816/1340 123/1343 783/1346 
f 949/1280 817/1278 602/1332 
f 820/921 611/939 305/914 
f 116/153 325/147 132/154 
f 154/410 511/413 838/416 
f 318/1063 792/1059 609/1057 
f 824/1123 140/1102 529/1094 
f 513/1103 519/1086 826/1088 
f 440/655 441/656 828/654 
f 440/1147 778/1146 441/1148 
f 521/1156 802/1154 108/1157 
f 105/1329 804/1318 104/1316 
f 806/1313 101/1312 808/1304 
f 952/622 809/620 335/621 
f 811/1317 810/1323 812/1319 
f 101/1312 815/1295 100/1281 
f 953/1297 345/1283 336/1287 
f 98/1279 817/1278 949/1280 
f 122/1284 979/1282 818/1285 
f 955/254 788/219 527/264 
f 614/171 338/165 613/166 
f 97/127 528/126 855/124 
f 839/831 517/832 841/830 
f 113/561 626/563 533/543 
f 842/1357 340/1359 341/1355 
f 341/1127 340/1126 794/1095 
f 518/1096 534/1122 794/1095 
f 795/532 535/530 352/533 
f 850/641 777/649 371/650 
f 607/599 610/604 848/605 
f 803/586 959/587 851/596 
f 104/1316 832/1300 957/1303 
f 356/954 602/955 337/958 
f 326/152 116/153 80/175 
f 955/254 527/264 357/261 
f 115/130 855/124 996/122 
f 359/114 96/125 604/128 
f 94/415 857/414 635/418 
f 625/1041 839/1031 619/1045 
f 341/1355 78/1356 842/1357 
f 994/76 351/75 845/81 
f 994/76 536/78 90/74 
f 847/79 827/84 956/85 
f 353/657 828/654 354/647 
f 621/717 445/728 83/727 
f 831/724 355/722 959/725 
f 375/207 821/209 61/210 
f 996/122 855/124 359/114 
f 350/1350 50/1371 55/1352 
f 74/801 844/803 54/802 
f 370/548 369/555 456/556 
f 629/31 537/55 639/27 
f 544/699 960/703 46/704 
f 908/660 353/657 354/647 
f 47/648 908/660 354/647 
f 66/597 44/615 45/613 
f 830/732 88/739 546/730 
f 454/1215 870/1216 346/1244 
f 872/1212 454/1215 62/1220 
f 386/1209 547/1213 872/1212 
f 969/1182 29/1183 875/1178 
f 60/204 549/205 449/200 
f 29/1183 912/1192 549/1191 
f 358/197 876/174 458/196 
f 906/1054 455/1056 17/1061 
f 40/1028 625/1041 38/1077 
f 14/774 651/761 540/762 
f 378/804 38/810 637/806 
f 70/813 52/814 638/811 
f 380/15 48/12 885/16 
f 887/21 964/24 379/23 
f 889/36 966/14 34/35 
f 890/40 961/90 46/49 
f 34/35 44/42 868/43 
f 891/39 893/46 892/44 
f 43/59 383/41 868/43 
f 548/1249 385/1246 643/1171 
f 631/1203 386/1209 373/1211 
f 644/1170 555/1168 909/1184 
f 909/1184 41/1181 644/1170 
f 41/1181 899/1186 457/1179 
f 969/1182 457/1179 910/1185 
f 30/1194 900/1195 968/1196 
f 969/1182 910/1185 20/1193 
f 558/133 403/117 987/118 
f 398/111 904/112 987/118 
f 638/778 907/766 22/776 
f 911/1188 915/1197 910/1185 
f 653/116 27/115 18/110 
f 636/1264 15/1263 12/1265 
f 879/1053 906/1054 649/1076 
f 914/784 8/780 920/789 
f 915/1197 407/1225 405/1226 
f 463/1222 401/1223 409/1233 
f 918/1018 11/1019 924/1015 
f 21/763 4/769 5/775 
f 409/1233 408/1238 463/1222 
f 927/471 13/473 655/474 
f 409/1233 3/1235 1/1234 
f 464/1228 655/1229 923/1227 
f 657/440 232/453 239/443 
f 237/284 247/283 238/285 
f 465/429 563/427 243/430 
f 241/441 995/446 233/449 
f 999/314 221/342 470/334 
f 246/332 662/331 230/318 
f 246/332 231/333 662/331 
f 244/286 685/315 999/314 
f 230/318 237/284 238/285 
f 930/306 685/315 244/286 
f 664/294 227/289 228/293 
f 235/287 248/302 244/286 
f 474/448 473/444 656/438 
f 242/435 250/434 412/454 
f 242/435 412/454 658/455 
f 569/1435 229/1442 222/1441 
f 411/316 228/293 229/329 
f 411/316 664/294 228/293 
f 685/315 930/306 220/348 
f 248/302 475/351 687/368 
f 931/300 689/347 475/351 
f 477/313 689/347 931/300 
f 467/292 667/299 931/300 
f 252/319 669/320 668/298 
f 669/320 252/319 225/323 
f 225/323 672/327 933/328 
f 694/492 693/500 672/497 
f 675/326 267/341 218/345 
f 679/243 474/245 568/237 
f 413/182 932/189 571/176 
f 932/457 413/461 469/460 
f 660/393 723/391 270/394 
f 723/391 660/393 223/390 
f 661/1456 698/1457 471/1458 
f 699/1436 569/1435 711/1434 
f 699/1436 254/1480 686/1440 
f 477/313 274/356 689/347 
f 472/297 690/296 691/303 
f 676/943 983/923 258/944 
f 727/1105 481/1108 697/1109 
f 261/1481 572/1423 262/1433 
f 263/1110 727/1105 697/1109 
f 573/1092 205/1106 263/1110 
f 569/1435 262/1433 711/1434 
f 699/1436 711/1434 198/1437 
f 414/376 935/375 684/373 
f 699/1436 183/1466 254/1480 
f 936/892 700/894 214/896 
f 483/871 718/869 265/899 
f 478/352 419/350 570/343 
f 581/498 707/493 257/495 
f 939/931 421/920 576/925 
f 416/985 678/987 212/984 
f 211/236 939/247 679/243 
f 211/236 209/224 942/223 
f 940/233 260/231 208/239 
f 207/1448 482/1446 206/1447 
f 713/1090 282/1091 573/1092 
f 573/378 272/379 713/380 
f 712/387 264/388 417/386 
f 586/365 193/362 714/361 
f 938/357 273/360 687/368 
f 476/895 700/894 732/874 
f 938/357 274/356 717/355 
f 204/858 718/869 483/871 
f 204/858 703/857 718/869 
f 486/631 419/632 478/638 
f 176/507 177/510 693/500 
f 590/161 722/159 577/181 
f 427/1252 738/1253 422/1255 
f 202/226 578/227 708/228 
f 260/231 940/233 285/230 
f 208/239 286/252 940/233 
f 480/392 428/408 723/391 
f 491/1489 429/1493 710/1455 
f 206/1447 482/1446 201/1425 
f 280/1465 200/1424 169/1444 
f 281/1492 492/1473 424/1470 
f 713/1090 290/1085 742/1089 
f 283/750 290/759 713/758 
f 728/755 293/749 283/750 
f 195/385 194/366 729/369 
f 292/904 430/887 944/885 
f 729/369 194/366 586/365 
f 430/887 1000/853 583/893 
f 295/593 937/636 719/635 
f 426/509 581/498 175/520 
f 426/509 489/529 487/506 
f 737/1131 721/1129 298/1132 
f 585/164 308/168 490/170 
f 190/1490 185/1445 186/1461 
f 482/1446 186/1461 185/1445 
f 726/1420 499/1421 289/1417 
f 494/1471 601/1474 182/1475 
f 946/757 743/748 729/754 
f 977/363 946/389 586/365 
f 587/852 756/845 1000/853 
f 1000/853 756/845 294/865 
f 731/591 166/583 167/610 
f 757/574 425/588 758/581 
f 174/511 161/512 581/498 
f 746/523 599/524 502/513 
f 747/1381 177/1380 503/1382 
f 721/908 748/909 434/911 
f 306/989 496/991 158/978 
f 307/150 302/158 423/157 
f 338/165 585/164 302/158 
f 308/168 328/172 172/179 
f 498/1412 740/1416 142/1414 
f 764/557 188/572 497/570 
f 595/644 292/646 753/645 
f 754/643 595/644 753/645 
f 292/904 595/848 587/852 
f 756/845 587/852 595/848 
f 756/845 595/848 137/847 
f 322/580 181/582 149/578 
f 818/525 502/513 947/527 
f 146/1383 747/1381 503/1382 
f 435/980 759/972 600/968 
f 516/971 159/979 435/980 
f 760/217 785/249 145/280 
f 145/280 749/278 760/217 
f 760/217 749/278 155/216 
f 289/1417 776/1443 142/1414 
f 493/1101 518/1096 945/1097 
f 178/670 514/671 162/672 
f 515/708 599/710 324/709 
f 316/969 759/972 989/995 
f 771/257 785/249 443/256 
f 772/976 509/977 504/975 
f 131/836 132/835 144/837 
f 788/219 510/218 155/216 
f 761/225 788/219 591/220 
f 775/1035 1001/1040 993/1039 
f 151/1099 529/1094 140/1102 
f 519/1086 311/1083 531/1081 
f 127/678 766/677 800/689 
f 521/676 766/677 127/678 
f 126/618 768/576 780/577 
f 598/626 948/617 508/594 
f 134/682 515/708 324/709 
f 814/1390 335/1393 147/1387 
f 770/1345 123/1343 782/1344 
f 770/1345 783/1346 123/1343 
f 120/1288 316/1286 979/1282 
f 770/940 133/936 119/938 
f 784/965 316/969 120/957 
f 600/968 316/969 784/965 
f 787/842 132/835 438/839 
f 528/232 97/241 789/229 
f 978/1058 617/1050 763/1048 
f 826/1088 846/1119 513/1103 
f 799/1149 778/1146 440/1147 
f 343/1150 801/1151 778/1146 
f 108/1157 106/1159 315/1158 
f 106/690 830/686 332/685 
f 804/1318 333/1315 104/1316 
f 835/1326 834/1322 522/1333 
f 811/1317 344/1314 810/1323 
f 125/1306 102/1307 532/1305 
f 808/1304 101/1312 100/1281 
f 813/1342 124/1341 812/1319 
f 98/1279 345/1283 523/1298 
f 125/687 524/688 134/682 
f 954/1296 525/1294 815/1295 
f 122/1284 121/1290 336/1287 
f 816/1340 525/1294 954/1296 
f 608/937 454/949 119/938 
f 116/153 132/154 787/155 
f 143/149 325/147 326/152 
f 328/172 538/173 95/195 
f 609/1057 792/1059 823/1055 
f 93/1036 775/1035 618/1030 
f 529/1094 616/1125 824/1123 
f 110/87 342/103 112/86 
f 536/78 112/86 111/98 
f 111/612 798/602 848/605 
f 343/706 799/705 89/700 
f 66/597 107/598 803/586 
f 854/718 105/736 957/733 
f 103/737 85/715 957/733 
f 805/1310 833/1309 102/1307 
f 84/1302 532/1305 102/1307 
f 84/1302 102/1307 445/1308 
f 103/1301 832/1300 334/1299 
f 810/1323 344/1314 834/1322 
f 101/1312 811/1317 815/1295 
f 602/955 356/954 985/956 
f 612/265 632/262 527/264 
f 613/166 603/167 876/174 
f 97/127 855/124 115/130 
f 538/173 856/191 990/213 
f 604/128 539/129 359/114 
f 824/1123 616/1125 792/1124 
f 620/1353 362/1354 341/1355 
f 447/94 825/91 350/77 
f 864/554 352/533 535/530 
f 90/74 364/73 351/75 
f 862/18 75/1 67/19 
f 90/74 351/75 994/76 
f 847/79 536/78 994/76 
f 370/548 319/544 980/534 
f 83/727 833/729 830/732 
f 62/266 611/259 448/263 
f 80/175 81/208 60/204 
f 347/258 632/262 623/269 
f 347/258 357/261 632/262 
f 962/135 990/146 856/141 
f 450/1349 350/1350 55/1352 
f 861/797 53/791 860/794 
f 363/817 69/816 70/813 
f 68/777 883/764 551/767 
f 843/1377 77/1376 68/1374 
f 69/22 865/25 863/32 
f 864/62 51/52 884/54 
f 48/12 49/10 541/9 
f 865/25 379/23 964/24 
f 366/26 629/31 543/20 
f 960/58 368/56 964/24 
f 886/64 630/99 867/100 
f 45/613 537/606 610/604 
f 829/692 961/697 382/696 
f 851/596 44/615 66/597 
f 851/596 868/624 44/615 
f 64/719 854/718 545/716 
f 854/718 85/715 545/716 
f 448/1219 872/1212 62/1220 
f 896/1173 61/1176 548/1249 
f 874/1199 374/1200 631/1203 
f 387/1180 457/1179 873/1174 
f 375/1177 875/1178 549/1191 
f 622/1204 623/1205 874/1199 
f 79/490 902/486 901/489 
f 996/122 359/114 877/113 
f 556/138 550/145 903/139 
f 634/140 962/135 645/119 
f 58/1042 40/1028 93/1036 
f 615/1044 16/1025 361/1071 
f 881/807 56/805 54/802 
f 882/798 53/791 861/797 
f 50/1371 37/1368 55/1352 
f 35/67 456/71 369/63 
f 629/31 639/27 543/20 
f 640/68 35/67 884/54 
f 960/58 964/24 887/21 
f 971/28 890/40 46/49 
f 34/35 383/41 889/36 
f 889/36 383/41 893/46 
f 382/89 890/40 42/61 
f 869/65 383/41 43/59 
f 871/1243 642/1245 63/1247 
f 386/1209 967/1201 647/1210 
f 647/1210 967/1201 395/1166 
f 395/1166 967/1201 554/1167 
f 896/1173 644/1170 873/1174 
f 554/1167 31/1175 555/1168 
f 41/1181 457/1179 387/1180 
f 900/1195 376/1207 968/1196 
f 392/786 914/784 36/790 
f 552/1366 37/1368 920/1370 
f 908/69 965/70 35/67 
f 972/1164 895/1172 894/1217 
f 396/1190 557/1187 30/1194 
f 911/1188 910/1185 557/1187 
f 911/1188 557/1187 396/1190 
f 462/1241 912/1192 20/1193 
f 652/277 633/270 970/271 
f 458/196 462/198 916/199 
f 397/475 461/472 26/479 
f 461/137 903/139 26/142 
f 17/1061 649/1076 906/1054 
f 650/1020 905/1038 559/1021 
f 650/1020 973/1024 16/1025 
f 880/1262 913/1259 15/1263 
f 21/763 883/764 540/762 
f 561/1369 552/1366 920/1370 
f 402/470 397/475 13/473 
f 8/780 988/783 9/779 
f 973/1024 918/1018 925/1016 
f 4/769 651/761 925/773 
f 654/781 561/793 920/789 
f 921/1218 407/1225 915/1197 
f 922/487 19/488 902/486 
f 928/467 2/484 27/483 
f 654/781 982/782 561/793 
f 982/782 919/796 561/793 
f 405/1226 407/1225 923/1227 
f 7/275 922/276 992/281 
f 927/471 6/464 402/470 
f 928/467 1/485 2/484 
f 926/482 1/485 928/467 
f 926/1232 974/1231 409/1233 
f 926/1232 927/1230 974/1231 
f 238/285 247/283 244/286 
f 929/250 233/246 468/240 
f 658/455 932/457 657/440 
f 661/1456 410/1464 231/1459 
f 471/1458 410/1464 661/1456 
f 569/340 411/316 229/329 
f 681/180 571/176 658/184 
f 685/315 220/348 684/373 
f 416/985 251/990 678/987 
f 213/308 703/311 702/307 
f 937/346 574/309 203/310 
f 275/354 937/346 484/367 
f 735/922 479/919 488/918 
f 590/161 416/183 278/187 
f 280/1465 711/1434 200/1424 
f 729/754 582/753 195/756 
f 285/230 940/233 286/252 
f 170/1502 498/1501 189/1503 
f 488/918 503/916 176/951 
f 496/818 300/819 158/822 
f 598/626 508/594 433/629 
f 128/535 500/536 129/531 
f 149/578 165/573 330/579 
f 124/1341 813/1342 123/1343 
f 122/1284 947/1289 121/1290 
f 785/249 526/255 443/256 
f 802/1154 521/1156 127/1155 
f 807/1334 135/1337 809/1335 
f 817/964 525/963 337/958 
f 326/152 822/156 143/149 
f 519/1086 531/1081 826/1088 
f 827/84 531/102 796/106 
f 333/1315 87/1320 344/1314 
f 525/963 82/960 337/958 
f 836/178 876/174 822/156 
f 822/156 876/174 603/167 
f 361/1071 92/1043 615/1044 
f 447/1351 620/1353 825/1364 
f 825/91 534/82 350/77 
f 629/607 848/605 537/606 
f 83/727 986/714 621/717 
f 860/60 451/34 861/95 
f 352/533 864/554 369/555 
f 631/1203 622/1204 874/1199 
f 458/480 390/478 358/481 
f 61/1176 896/1173 873/1174 
f 873/1174 644/1170 387/1180 
f 901/272 460/273 970/271 
f 12/1062 878/1060 636/1068 
f 646/1362 400/1367 919/1372 
f 916/477 13/473 397/475 
f 559/1021 11/1019 650/1020 
f 1/1234 992/1236 2/1237 
f 563/427 250/434 242/435 
f 221/342 999/314 685/315 
f 468/240 680/244 929/250 
f 706/338 570/343 671/339 
f 934/1483 481/1487 710/1455 
f 698/1505 579/1504 261/1506 
f 417/386 264/388 220/348 
f 663/370 195/385 220/348 
f 265/899 718/869 213/900 
f 679/930 939/931 576/925 
f 728/755 283/750 713/758 
f 745/683 162/672 148/681 
f 155/216 749/278 157/221 
f 790/406 191/400 310/407 
f 600/968 516/971 435/980 
f 309/253 327/242 285/230 
f 491/1098 945/1097 138/1093 
f 837/169 328/172 308/168 
f 516/971 819/966 118/970 
f 773/148 325/147 143/149 
f 339/562 113/561 114/560 
f 810/1323 99/1327 812/1319 
f 364/73 366/26 76/37 
f 853/720 86/735 854/718 
f 858/1270 636/1264 348/1271 
f 963/800 882/798 861/797 
f 365/33 51/52 68/51 
f 449/200 912/206 389/190 
f 54/802 637/806 881/807 
f 966/14 48/12 380/15 
f 907/766 551/767 883/764 
f 19/274 7/275 460/273 
f 562/436 563/427 242/435 
f 997/437 241/441 245/442 
f 997/437 240/439 241/441 
f 240/439 998/445 995/446 
f 466/450 998/445 239/443 
f 245/442 929/447 680/451 
f 658/455 657/440 242/435 
f 232/453 466/450 239/443 
f 662/1496 231/1459 410/1464 
f 231/333 246/332 999/314 
f 230/318 238/285 246/332 
f 235/287 244/286 247/283 
f 235/287 247/283 236/288 
f 235/287 236/288 467/292 
f 236/288 976/291 467/292 
f 673/324 225/323 670/322 
f 465/429 677/432 676/431 
f 249/428 250/434 563/427 
f 250/434 249/428 251/456 
f 658/184 412/185 681/180 
f 233/246 708/228 468/240 
f 224/462 564/452 660/463 
f 261/1481 662/1496 471/1458 
f 222/330 230/318 662/331 
f 229/329 230/318 222/330 
f 228/293 230/318 229/329 
f 664/294 411/316 686/317 
f 930/306 663/370 220/348 
f 687/368 663/370 930/306 
f 248/302 931/300 475/351 
f 976/291 667/299 467/292 
f 225/323 671/339 219/337 
f 226/321 674/336 675/326 
f 706/338 225/323 933/328 
f 567/496 694/492 672/497 
f 673/324 253/325 675/326 
f 673/324 675/326 218/345 
f 249/428 676/431 678/458 
f 251/456 249/428 678/458 
f 568/237 474/245 680/244 
f 680/244 468/240 209/224 
f 932/189 658/184 571/176 
f 564/396 223/390 660/393 
f 696/395 223/390 565/398 
f 695/399 696/395 565/398 
f 935/1484 263/1486 697/1485 
f 682/1449 470/1452 217/1453 
f 216/1450 698/1457 661/1456 
f 261/1481 471/1458 698/1457 
f 222/1441 261/1481 262/1433 
f 221/1454 683/1462 217/1453 
f 683/374 221/342 684/373 
f 221/342 685/315 684/373 
f 254/891 215/888 686/902 
f 214/896 476/895 688/897 
f 688/897 483/871 265/899 
f 255/905 688/897 265/899 
f 574/309 667/299 692/301 
f 692/301 667/299 668/298 
f 702/307 690/296 255/295 
f 702/307 255/295 213/308 
f 669/320 692/301 668/298 
f 691/303 256/335 226/321 
f 671/339 266/344 219/337 
f 267/878 674/877 575/876 
f 693/500 415/502 933/501 
f 694/492 567/496 218/494 
f 259/927 268/924 983/923 
f 677/934 259/927 983/923 
f 676/943 677/934 983/923 
f 268/924 473/926 576/925 
f 576/925 474/929 679/930 
f 571/176 681/180 709/163 
f 490/170 571/176 709/163 
f 490/170 413/182 571/176 
f 413/404 172/402 695/399 
f 696/395 480/392 223/390 
f 934/1483 710/1455 682/1449 
f 216/1450 682/1449 206/1447 
f 216/1450 206/1447 271/1482 
f 261/1481 579/1427 572/1423 
f 263/377 935/375 414/376 
f 475/351 938/357 687/368 
f 475/351 274/356 938/357 
f 689/347 274/356 475/351 
f 688/897 476/895 483/871 
f 477/313 574/309 701/353 
f 265/899 213/900 255/905 
f 213/900 718/869 703/857 
f 704/867 256/875 691/873 
f 219/337 719/349 203/310 
f 575/876 256/875 704/867 
f 219/337 419/350 485/371 
f 266/344 419/350 219/337 
f 267/878 575/876 420/879 
f 415/502 705/504 706/503 
f 570/517 706/503 705/504 
f 694/492 487/506 693/500 
f 735/922 736/945 983/923 
f 258/944 983/923 736/945 
f 577/181 416/183 590/161 
f 423/157 681/180 210/177 
f 260/231 659/235 208/239 
f 490/170 172/179 413/182 
f 695/399 172/402 191/400 
f 572/1423 184/1419 279/1422 
f 279/1422 200/1424 572/1423 
f 572/1423 200/1424 262/1433 
f 205/1106 727/1105 263/1110 
f 198/1437 711/1434 941/1438 
f 282/1091 713/1090 742/1089 
f 414/376 272/379 573/378 
f 215/888 418/886 936/892 
f 714/361 730/358 977/363 
f 273/360 730/358 714/361 
f 938/357 717/355 730/358 
f 715/870 476/895 732/874 
f 715/870 483/871 476/895 
f 204/858 715/870 584/864 
f 425/372 716/364 275/354 
f 717/355 275/354 716/364 
f 275/354 717/355 701/353 
f 702/307 703/311 276/312 
f 733/854 276/859 703/857 
f 705/504 486/515 478/516 
f 277/508 426/509 487/506 
f 694/492 707/493 277/508 
f 581/498 277/508 707/493 
f 421/920 160/913 479/919 
f 212/984 258/986 736/982 
f 736/982 278/981 212/984 
f 421/920 737/932 298/912 
f 939/931 192/933 737/932 
f 721/1129 192/1128 422/1130 
f 422/1130 192/1128 427/1133 
f 423/157 210/177 722/159 
f 942/223 269/222 157/221 
f 709/163 423/157 302/158 
f 302/158 585/164 709/163 
f 490/170 308/168 172/179 
f 154/410 605/417 286/411 
f 270/394 154/410 286/411 
f 270/394 723/391 154/410 
f 724/1410 186/1409 187/1411 
f 429/1493 186/1461 725/1451 
f 185/1445 201/1425 482/1446 
f 279/1422 740/1416 170/1488 
f 739/1428 200/1424 279/1422 
f 727/1105 491/1098 481/1108 
f 726/1420 184/1419 579/1427 
f 280/1465 169/1444 199/1500 
f 280/1465 281/1492 941/1438 
f 281/1492 424/1470 941/1438 
f 168/1104 282/1091 742/1089 
f 941/1438 424/1470 183/1466 
f 494/1471 183/1466 424/1470 
f 196/384 580/382 712/387 
f 196/384 417/386 195/385 
f 944/885 418/886 215/888 
f 728/755 582/753 293/749 
f 714/361 977/363 586/365 
f 418/886 430/887 936/892 
f 294/865 715/870 732/874 
f 425/588 484/589 758/581 
f 204/858 179/861 178/860 
f 178/860 744/856 204/858 
f 937/636 295/593 484/589 
f 426/509 277/508 581/498 
f 174/511 720/499 502/513 
f 746/523 502/513 720/499 
f 426/994 175/992 735/993 
f 489/952 488/918 176/951 
f 297/947 736/945 735/922 
f 278/187 159/188 590/161 
f 748/909 721/908 299/910 
f 590/823 300/819 173/824 
f 427/1403 157/1402 284/1404 
f 173/160 301/151 722/159 
f 310/407 191/400 172/402 
f 191/400 790/406 287/401 
f 171/1111 724/1116 187/1115 
f 190/1490 288/1491 592/1468 
f 1001/1508 943/1511 189/1510 
f 750/1460 190/1490 592/1468 
f 188/572 764/557 594/553 
f 190/1490 750/1460 185/1445 
f 593/1495 429/1493 491/1489 
f 499/1421 726/1420 201/1425 
f 594/1429 751/1430 200/1424 
f 500/536 741/545 492/540 
f 742/1089 290/1085 303/1087 
f 291/1479 753/1478 944/1497 
f 182/1475 753/1478 291/1479 
f 754/1477 753/1478 182/1475 
f 501/745 293/749 743/748 
f 743/628 946/627 313/609 
f 430/887 587/852 1000/853 
f 731/591 167/610 730/633 
f 596/575 716/590 757/574 
f 588/630 295/593 485/634 
f 745/866 733/854 162/855 
f 503/514 177/510 176/507 
f 589/518 174/511 502/513 
f 298/912 434/911 160/913 
f 299/910 145/941 748/909 
f 299/1256 738/1253 145/1258 
f 749/1257 738/1253 284/1254 
f 156/821 173/824 300/819 
f 300/819 495/820 156/821 
f 496/818 306/825 495/820 
f 157/221 749/278 284/279 
f 301/151 307/150 423/157 
f 155/216 157/221 591/220 
f 338/165 308/168 585/164 
f 790/406 791/409 287/401 
f 153/405 511/413 428/408 
f 978/1118 431/1117 762/1113 
f 978/1058 597/1064 431/1065 
f 993/1418 498/1412 152/1413 
f 993/1509 1001/1508 189/1510 
f 1001/1040 497/1069 943/1072 
f 171/1111 593/1100 141/1107 
f 288/1066 597/1064 592/1080 
f 499/1421 592/1468 597/1469 
f 592/1468 499/1421 750/1460 
f 185/1445 750/1460 499/1421 
f 593/1100 491/1098 151/1099 
f 491/1098 168/1104 945/1097 
f 320/651 507/639 754/643 
f 743/748 313/746 501/745 
f 167/610 432/584 984/608 
f 322/580 432/584 166/583 
f 294/865 314/851 767/868 
f 757/574 758/581 780/577 
f 437/668 178/670 163/669 
f 734/1011 148/1009 324/1013 
f 734/882 324/883 746/881 
f 147/1387 433/1386 304/1385 
f 304/1385 747/1381 146/1383 
f 502/513 818/525 589/518 
f 503/916 305/914 146/917 
f 820/921 305/914 434/911 
f 434/911 771/935 820/921 
f 509/977 158/978 504/975 
f 509/977 306/989 158/978 
f 156/1142 144/1141 773/1143 
f 131/836 144/837 306/844 
f 285/230 789/229 202/226 
f 309/423 605/417 327/425 
f 609/1114 762/1113 505/1112 
f 593/1100 140/1102 141/1107 
f 593/1100 151/1099 140/1102 
f 512/1426 289/1417 499/1421 
f 169/541 506/542 752/537 
f 945/1097 518/1096 138/1093 
f 500/536 752/537 129/531 
f 129/531 795/532 128/535 
f 320/549 601/546 319/544 
f 320/651 777/649 507/639 
f 150/642 754/643 507/639 
f 755/744 797/743 501/745 
f 779/616 765/611 322/580 
f 765/611 432/584 322/580 
f 767/664 323/665 164/667 
f 148/681 162/672 769/680 
f 134/1014 324/1013 148/1009 
f 782/1388 304/1385 770/1391 
f 770/1391 304/1385 146/1383 
f 771/257 145/280 785/249 
f 510/218 786/248 760/217 
f 773/148 132/154 325/147 
f 143/149 307/150 773/148 
f 338/165 837/169 308/168 
f 528/232 285/230 327/242 
f 609/1114 505/1112 318/1121 
f 318/1121 505/1112 141/1107 
f 597/1064 978/1058 763/1048 
f 317/1415 152/1413 142/1414 
f 140/1102 318/1121 141/1107 
f 793/1499 776/1443 512/1426 
f 606/551 764/557 114/560 
f 139/550 764/557 606/551 
f 518/1096 493/1101 513/1103 
f 303/1087 513/1103 493/1101 
f 519/1086 513/1103 303/1087 
f 319/544 128/535 980/534 
f 796/752 312/751 797/743 
f 755/603 798/602 342/623 
f 137/662 520/640 800/658 
f 520/850 137/847 150/849 
f 136/600 329/601 765/611 
f 800/1153 802/1154 127/1155 
f 136/600 779/616 107/598 
f 521/676 315/666 436/675 
f 436/675 766/677 521/676 
f 322/580 330/579 107/598 
f 315/666 767/664 436/675 
f 508/594 948/617 781/592 
f 814/1390 147/1387 782/1388 
f 813/1342 782/1344 123/1343 
f 818/1285 947/1289 122/1284 
f 783/942 770/940 119/938 
f 133/936 305/914 608/937 
f 770/940 146/917 133/936 
f 820/260 443/256 611/259 
f 118/970 117/974 516/971 
f 504/975 117/974 772/976 
f 438/839 117/841 787/842 
f 772/840 438/839 131/836 
f 116/153 326/152 325/147 
f 527/264 788/219 115/234 
f 774/162 143/149 603/167 
f 96/125 528/126 327/131 
f 838/416 604/421 605/417 
f 154/410 838/416 605/417 
f 428/408 511/413 154/410 
f 791/409 94/415 511/413 
f 775/1035 152/1034 618/1030 
f 439/1037 92/1043 775/1035 
f 517/1046 793/1033 512/1047 
f 793/1033 517/1046 839/1031 
f 317/1032 793/1033 839/1031 
f 763/1048 517/1046 512/1047 
f 130/547 606/551 113/561 
f 129/531 752/537 530/538 
f 795/532 980/534 128/535 
f 828/654 800/658 354/647 
f 950/1152 800/1153 441/1148 
f 343/1150 778/1146 799/1149 
f 778/1146 950/1152 441/1148 
f 950/1275 778/1274 321/1276 
f 802/1277 950/1275 321/1276 
f 951/1162 108/1157 802/1154 
f 332/685 323/665 315/666 
f 330/579 165/573 331/585 
f 807/1334 831/1336 126/1338 
f 830/686 805/684 332/685 
f 805/684 437/668 332/685 
f 768/576 126/618 331/585 
f 805/1310 102/1307 514/1347 
f 809/1335 522/1333 807/1334 
f 334/1299 523/1298 953/1297 
f 125/1306 514/1347 102/1307 
f 809/1335 835/1326 522/1333 
f 953/1297 125/1306 532/1305 
f 953/1297 524/1291 125/1306 
f 813/1342 812/1319 99/1327 
f 815/1295 812/1319 124/1341 
f 100/1281 98/1279 808/1304 
f 523/1298 345/1283 953/1297 
f 953/1297 336/1287 524/1291 
f 335/621 948/617 598/626 
f 952/1328 335/1331 814/1330 
f 100/1281 817/1278 98/1279 
f 949/1280 979/1282 98/1279 
f 345/1283 979/1282 122/1284 
f 119/938 816/946 783/942 
f 602/955 985/956 120/957 
f 133/936 608/937 119/938 
f 821/209 117/212 118/211 
f 526/255 347/258 443/256 
f 787/155 117/212 821/209 
f 357/261 347/258 526/255 
f 786/248 357/261 526/255 
f 357/261 786/248 955/254 
f 338/165 774/162 613/166 
f 837/169 338/165 614/171 
f 96/125 327/131 604/128 
f 839/1031 618/1030 317/1032 
f 517/1046 763/1048 444/1049 
f 92/1043 339/1075 114/1074 
f 626/563 113/561 339/562 
f 340/1400 842/1399 616/1401 
f 626/771 91/770 533/772 
f 530/538 130/547 533/543 
f 825/91 794/96 534/82 
f 795/532 352/533 980/534 
f 112/86 956/85 110/87 
f 110/87 827/84 796/106 
f 342/103 111/98 112/86 
f 849/702 89/700 799/705 
f 867/653 849/652 828/654 
f 354/647 520/640 850/641 
f 47/648 850/641 371/650 
f 343/706 453/698 829/692 
f 66/597 607/599 107/598 
f 88/691 830/686 106/690 
f 87/734 86/735 853/720 
f 86/735 804/738 105/736 
f 803/586 331/585 959/587 
f 959/725 331/726 831/724 
f 958/1324 807/1334 522/1333 
f 852/1325 446/1321 87/1320 
f 103/737 621/717 85/715 
f 445/1308 102/1307 833/1309 
f 834/1322 446/1321 958/1324 
f 832/1300 103/1301 957/1303 
f 334/1299 84/1302 103/1301 
f 834/1322 958/1324 522/1333 
f 344/1314 101/1312 806/1313 
f 84/1302 334/1299 532/1305 
f 808/1304 523/1298 832/1300 
f 82/960 525/963 816/962 
f 985/956 442/967 819/966 
f 821/209 118/211 61/210 
f 611/259 347/258 448/263 
f 821/209 375/207 787/155 
f 79/123 612/132 115/130 
f 634/420 95/412 990/424 
f 838/416 94/415 539/419 
f 439/1037 615/1044 92/1043 
f 360/1051 444/1049 617/1050 
f 619/827 839/831 841/830 
f 618/1030 58/1042 93/1036 
f 339/1075 92/1043 361/1071 
f 859/998 841/999 360/997 
f 840/1004 841/999 859/998 
f 841/830 840/829 619/827 
f 859/998 56/1008 840/1004 
f 825/1364 620/1353 341/1355 
f 620/1353 447/1351 450/1349 
f 533/104 843/66 349/93 
f 349/539 530/538 533/543 
f 350/1350 450/1349 447/1351 
f 51/52 864/62 349/93 
f 350/77 534/82 351/75 
f 861/95 451/34 75/1 
f 74/2 75/1 73/3 
f 71/4 74/2 73/3 
f 73/3 72/5 71/4 
f 363/7 844/6 71/4 
f 627/8 363/7 71/4 
f 69/22 363/7 627/8 
f 846/80 994/76 845/81 
f 847/79 994/76 846/80 
f 536/78 847/79 112/86 
f 849/652 867/653 630/659 
f 630/701 544/699 89/700 
f 828/654 353/657 867/653 
f 354/647 850/641 47/648 
f 83/727 830/732 546/730 
f 64/719 355/722 852/721 
f 355/722 958/723 852/721 
f 853/720 852/721 87/734 
f 85/715 621/717 986/714 
f 871/959 337/958 82/960 
f 356/954 337/958 871/959 
f 454/949 608/937 62/950 
f 442/1251 985/1250 63/1247 
f 612/265 970/271 632/262 
f 614/171 550/194 837/169 
f 837/169 856/191 538/173 
f 377/109 359/114 539/129 
f 635/121 377/109 539/129 
f 455/1056 792/1059 878/1060 
f 615/1044 439/1037 905/1038 
f 40/1028 58/1042 625/1041 
f 360/997 57/996 859/998 
f 348/1363 78/1356 858/1360 
f 620/1353 450/1349 55/1352 
f 844/803 378/804 54/802 
f 54/802 963/800 74/801 
f 883/1375 68/1374 77/1376 
f 51/52 843/66 68/51 
f 350/77 364/73 50/88 
f 76/37 50/88 364/73 
f 69/22 863/32 52/101 
f 75/1 862/18 73/3 
f 627/8 628/11 69/22 
f 865/25 69/22 628/11 
f 365/33 863/32 865/25 
f 542/48 367/53 365/33 
f 543/20 452/17 366/26 
f 627/8 541/9 49/10 
f 553/38 379/23 865/25 
f 542/48 964/24 368/56 
f 368/56 866/57 367/53 
f 369/555 370/548 352/533 
f 629/607 90/619 536/614 
f 368/56 960/58 866/57 
f 630/99 886/64 866/57 
f 866/57 960/58 630/99 
f 960/703 544/699 630/701 
f 640/661 867/653 353/657 
f 961/697 453/698 544/699 
f 355/722 869/742 43/741 
f 355/722 65/731 959/725 
f 65/731 355/722 43/741 
f 83/727 546/730 986/714 
f 871/1243 63/1247 356/1248 
f 870/1216 454/1215 547/1213 
f 372/1214 547/1213 386/1209 
f 872/1212 547/1213 454/1215 
f 373/1211 448/1219 622/1204 
f 873/1174 375/1177 61/1176 
f 631/1203 374/1200 967/1201 
f 376/1207 874/1199 623/1205 
f 457/1179 969/1182 875/1178 
f 623/269 632/262 633/270 
f 612/265 901/272 970/271 
f 458/196 876/174 389/190 
f 901/489 612/491 79/490 
f 991/202 358/197 390/203 
f 991/202 550/194 59/201 
f 635/121 645/119 904/112 
f 635/121 634/140 645/119 
f 878/1060 17/1061 455/1056 
f 624/1052 906/1054 879/1053 
f 360/1051 624/1052 879/1053 
f 39/1000 360/997 879/1001 
f 93/1036 40/1028 391/1027 
f 881/828 637/833 619/827 
f 392/1002 57/996 39/1000 
f 859/998 57/996 56/1008 
f 23/1029 40/1028 38/1077 
f 540/762 626/771 14/774 
f 78/1356 393/1358 858/1360 
f 882/798 56/805 57/799 
f 963/800 54/802 882/798 
f 378/804 637/806 54/802 
f 552/1366 362/1354 55/1352 
f 540/762 883/764 77/765 
f 36/790 50/795 860/794 
f 907/766 52/768 551/767 
f 907/815 638/811 52/814 
f 51/52 367/53 884/54 
f 628/11 49/10 553/38 
f 866/57 884/54 367/53 
f 369/63 864/62 884/54 
f 884/54 35/67 369/63 
f 543/20 380/15 452/17 
f 553/38 49/10 379/23 
f 456/71 35/67 965/70 
f 380/15 639/27 888/30 
f 887/21 381/13 971/28 
f 47/107 965/70 908/69 
f 371/108 965/70 47/107 
f 34/35 966/14 888/30 
f 891/39 394/29 889/36 
f 44/42 888/30 45/47 
f 44/42 34/35 888/30 
f 892/44 890/40 891/39 
f 868/43 383/41 34/35 
f 893/46 545/72 892/44 
f 545/72 383/41 869/65 
f 871/1243 870/1216 384/1242 
f 642/1245 871/1243 384/1242 
f 870/1216 547/1213 894/1217 
f 894/1217 384/1242 870/1216 
f 372/1214 33/1221 894/1217 
f 895/1172 642/1245 384/1242 
f 642/1245 895/1172 385/1246 
f 967/1201 386/1209 631/1203 
f 897/1169 555/1168 644/1170 
f 897/1169 644/1170 643/1171 
f 896/1173 643/1171 644/1170 
f 967/1201 374/1200 898/1198 
f 555/1168 31/1175 909/1184 
f 644/1170 41/1181 387/1180 
f 31/1175 898/1198 388/1189 
f 900/1195 874/1199 376/1207 
f 910/1185 457/1179 899/1186 
f 968/1196 396/1190 30/1194 
f 968/1196 28/1206 459/1202 
f 968/1196 459/1202 396/1190 
f 462/198 458/196 389/190 
f 902/120 79/123 877/113 
f 991/143 26/142 903/139 
f 877/113 18/110 27/115 
f 377/109 18/110 877/113 
f 25/134 556/138 558/133 
f 18/110 377/109 398/111 
f 904/112 398/111 377/109 
f 558/133 987/118 25/134 
f 987/118 962/135 25/134 
f 962/135 987/118 645/119 
f 17/1061 878/1060 12/1062 
f 650/1020 615/1044 905/1038 
f 16/1025 615/1044 650/1020 
f 391/1027 40/1028 399/1026 
f 24/785 392/786 39/787 
f 378/804 638/811 38/810 
f 646/1362 880/1361 393/1358 
f 552/1366 393/1358 362/1354 
f 392/786 36/790 53/791 
f 33/1221 972/1164 894/1217 
f 557/1187 909/1184 388/1189 
f 557/1187 388/1189 30/1194 
f 899/1186 909/1184 910/1185 
f 915/1197 20/1193 910/1185 
f 652/1240 28/1206 633/1208 
f 462/198 389/190 912/206 
f 402/470 461/472 397/475 
f 558/133 461/137 404/136 
f 903/139 461/137 558/133 
f 558/133 404/136 403/117 
f 391/1027 399/1026 560/1023 
f 14/566 16/565 973/567 
f 919/1260 913/1259 646/1261 
f 406/1396 638/1394 22/1397 
f 21/763 907/766 883/764 
f 400/1367 552/1366 561/1369 
f 395/1166 33/1221 647/1210 
f 462/1241 20/1193 405/1226 
f 648/1224 401/1223 459/1202 
f 401/1223 463/1222 396/1190 
f 27/483 2/484 902/486 
f 403/469 404/465 981/466 
f 403/469 981/466 653/468 
f 17/1061 12/1062 917/1067 
f 9/1269 917/1267 10/1266 
f 917/809 9/779 17/808 
f 560/1023 559/1021 391/1027 
f 11/1019 918/1018 650/1020 
f 9/779 988/783 17/808 
f 399/1026 406/1022 560/1023 
f 988/783 24/785 649/788 
f 988/783 914/784 24/785 
f 988/783 8/780 914/784 
f 651/568 973/567 925/569 
f 651/568 14/566 973/567 
f 5/1398 406/1396 22/1397 
f 400/1367 561/1369 919/1372 
f 405/1226 20/1193 915/1197 
f 405/214 923/215 916/199 
f 648/1224 7/1239 992/1236 
f 648/1224 992/1236 3/1235 
f 902/486 2/484 922/487 
f 653/468 928/467 27/483 
f 404/465 6/464 981/466 
f 924/1015 11/1019 406/1022 
f 15/1263 913/1259 10/1266 
f 9/1269 10/1266 982/1268 
f 982/782 654/781 9/779 
f 8/780 9/779 654/781 
f 402/470 13/473 927/471 
f 3/1235 992/1236 1/1234 
f 409/1233 974/1231 408/1238 
f 464/1228 408/1238 974/1231 
f 407/1225 464/1228 923/1227 
f 6/464 927/471 926/482 
f 655/1229 464/1228 927/1230 
f 997/437 563/427 562/436 
f 239/443 240/439 562/436 
f 562/436 657/440 239/443 
f 240/439 995/446 241/441 
f 656/438 234/433 465/429 
f 241/441 233/449 929/447 
f 932/457 232/453 657/440 
f 224/462 233/449 995/446 
f 232/453 565/459 466/450 
f 999/314 246/332 238/285 
f 999/314 238/285 244/286 
f 230/318 228/293 237/284 
f 227/289 237/284 228/293 
f 237/284 227/289 247/283 
f 247/283 227/289 236/288 
f 236/288 227/289 566/290 
f 234/433 656/438 473/444 
f 249/428 563/427 465/429 
f 474/448 245/442 680/451 
f 995/446 564/452 224/462 
f 565/398 223/390 466/397 
f 662/1496 261/1481 222/1441 
f 216/1450 661/1456 470/1452 
f 214/896 666/901 665/898 
f 227/289 664/294 666/304 
f 688/305 255/295 227/289 
f 931/300 667/299 477/313 
f 976/291 566/290 472/297 
f 255/295 566/290 227/289 
f 472/297 668/298 976/291 
f 976/291 668/298 667/299 
f 668/298 472/297 252/319 
f 252/319 472/297 691/303 
f 252/319 691/303 226/321 
f 670/322 225/323 252/319 
f 669/320 225/323 219/337 
f 226/321 253/325 670/322 
f 226/321 256/335 674/336 
f 673/324 670/322 253/325 
f 675/326 253/325 226/321 
f 225/323 673/324 672/327 
f 672/497 673/522 567/496 
f 567/496 673/522 218/494 
f 259/927 677/934 234/928 
f 234/433 677/432 465/429 
f 568/237 680/244 209/224 
f 578/227 209/224 468/240 
f 208/422 224/426 660/393 
f 697/1485 934/1483 935/1484 
f 935/1484 934/1483 683/1462 
f 934/1483 217/1453 683/1462 
f 470/1452 682/1449 216/1450 
f 569/1435 699/1436 411/1439 
f 936/892 214/896 665/898 
f 667/299 574/309 477/313 
f 219/337 203/310 692/301 
f 219/337 692/301 669/320 
f 570/343 266/344 671/339 
f 707/493 694/492 218/494 
f 259/927 473/926 268/924 
f 212/984 676/988 258/986 
f 678/987 676/988 212/984 
f 679/243 568/237 211/236 
f 210/177 412/185 577/181 
f 695/399 469/403 413/404 
f 481/1487 934/1483 697/1485 
f 682/1449 217/1453 934/1483 
f 206/1447 682/1449 207/1448 
f 684/373 264/388 414/376 
f 220/348 264/388 684/373 
f 254/891 197/889 215/888 
f 665/898 215/888 936/892 
f 687/368 193/362 663/370 
f 273/360 193/362 687/368 
f 691/873 702/872 704/867 
f 674/877 256/875 575/876 
f 719/349 219/337 485/371 
f 487/506 694/492 277/508 
f 267/521 720/499 257/495 
f 267/878 420/879 720/880 
f 577/181 722/159 210/177 
f 269/222 942/223 209/224 
f 208/422 270/394 286/411 
f 271/1507 579/1504 698/1505 
f 711/1434 262/1433 200/1424 
f 282/1091 168/1104 205/1106 
f 712/387 272/379 414/376 
f 712/387 580/382 272/379 
f 194/366 195/385 663/370 
f 583/893 700/894 936/892 
f 717/355 731/359 730/358 
f 938/357 730/358 273/360 
f 717/355 716/364 731/359 
f 483/871 715/870 204/858 
f 275/354 701/353 937/346 
f 484/367 425/372 275/354 
f 204/858 744/856 703/857 
f 937/346 203/310 719/349 
f 704/867 702/872 276/859 
f 575/876 704/867 745/866 
f 420/879 575/876 734/882 
f 296/505 415/502 177/510 
f 487/506 176/507 693/500 
f 581/498 720/499 174/511 
f 720/880 420/879 746/881 
f 421/920 479/919 268/924 
f 421/920 268/924 576/925 
f 939/931 737/932 421/920 
f 721/1129 737/1131 192/1128 
f 173/160 722/159 590/161 
f 738/1253 427/1252 284/1254 
f 260/231 202/226 708/228 
f 154/410 723/391 428/408 
f 287/401 480/392 696/395 
f 288/1518 190/1517 724/1515 
f 186/1516 724/1515 190/1517 
f 482/1446 725/1451 186/1461 
f 184/1419 289/1417 740/1416 
f 481/1487 491/1489 710/1455 
f 579/1427 271/1482 201/1425 
f 169/1444 200/1424 751/1430 
f 199/1513 169/1512 492/1514 
f 281/1492 280/1465 199/1500 
f 196/384 712/387 417/386 
f 944/885 197/889 291/890 
f 944/885 215/888 197/889 
f 936/892 430/887 583/893 
f 167/610 977/637 730/633 
f 714/361 193/362 273/360 
f 715/870 294/865 584/864 
f 733/854 745/866 704/867 
f 575/1012 745/1010 734/1011 
f 588/630 419/632 486/631 
f 420/879 734/882 746/881 
f 296/505 486/515 705/504 
f 176/507 487/506 489/529 
f 735/922 489/952 426/953 
f 297/983 735/993 175/992 
f 488/918 479/919 160/913 
f 160/913 421/920 298/912 
f 427/1133 942/1134 157/1135 
f 157/221 269/222 591/220 
f 202/226 761/225 269/222 
f 285/230 202/226 260/231 
f 287/401 153/405 480/392 
f 431/1065 597/1064 288/1066 
f 188/1431 739/1428 943/1432 
f 429/1493 187/1494 186/1461 
f 201/1425 185/1445 499/1421 
f 741/545 500/536 601/546 
f 741/1472 601/1474 494/1471 
f 743/748 293/749 582/753 
f 743/748 582/753 729/754 
f 292/1498 944/1497 753/1478 
f 293/749 501/745 283/750 
f 430/887 292/904 587/852 
f 181/582 166/583 731/591 
f 180/863 584/864 294/865 
f 180/863 179/861 584/864 
f 485/634 295/593 719/635 
f 433/629 588/630 486/631 
f 296/1384 433/1386 486/1389 
f 581/498 161/512 175/520 
f 296/1384 177/1380 747/1381 
f 589/518 989/519 161/512 
f 589/518 161/512 174/511 
f 736/982 297/983 435/980 
f 736/982 435/980 278/981 
f 435/980 159/979 278/981 
f 158/822 300/819 590/823 
f 145/1258 738/1253 749/1257 
f 173/160 156/192 301/151 
f 144/1141 156/1142 495/1144 
f 144/1141 495/1144 306/1145 
f 307/150 774/162 302/158 
f 761/225 591/220 269/222 
f 286/252 309/253 285/230 
f 172/179 328/172 310/193 
f 287/401 791/409 153/405 
f 505/1112 762/1113 171/1111 
f 171/1111 762/1113 431/1117 
f 498/1412 993/1418 189/1463 
f 943/1432 497/1467 188/1431 
f 593/1100 171/1111 187/1115 
f 498/1412 170/1488 740/1416 
f 594/553 139/550 751/552 
f 752/537 500/536 492/540 
f 601/1474 320/1476 182/1475 
f 290/1085 311/1083 303/1087 
f 311/1083 290/1085 312/1084 
f 182/1475 320/1476 754/1477 
f 283/750 501/745 312/751 
f 766/846 756/845 137/847 
f 432/584 167/610 166/583 
f 756/845 314/851 294/865 
f 294/865 767/868 180/863 
f 165/573 149/578 596/575 
f 767/664 164/667 180/674 
f 757/574 165/573 596/575 
f 179/861 180/863 163/862 
f 164/667 163/669 180/674 
f 508/594 295/593 588/630 
f 508/594 588/630 433/629 
f 746/881 324/883 599/884 
f 296/1384 304/1385 433/1386 
f 296/1384 747/1381 304/1385 
f 818/525 989/519 589/518 
f 161/1405 989/1408 759/1407 
f 160/913 305/914 503/916 
f 145/941 771/935 748/909 
f 301/151 156/192 773/148 
f 307/150 301/151 773/148 
f 774/162 307/150 143/149 
f 302/158 774/162 338/165 
f 328/172 95/195 310/193 
f 152/1413 498/1412 142/1414 
f 751/552 139/550 506/542 
f 752/537 506/542 530/538 
f 519/1086 303/1087 311/1083 
f 755/603 984/608 329/601 
f 150/642 595/644 754/643 
f 432/584 765/611 984/608 
f 766/677 436/675 314/679 
f 768/576 165/573 757/574 
f 437/668 164/667 323/665 
f 768/576 757/574 780/577 
f 178/670 437/668 514/671 
f 758/581 781/592 780/577 
f 781/592 758/581 295/593 
f 781/592 295/593 508/594 
f 147/1387 598/1392 433/1386 
f 515/708 975/711 599/710 
f 305/914 133/936 146/917 
f 131/836 306/844 509/843 
f 132/835 773/838 144/837 
f 115/234 761/225 789/229 
f 310/407 95/412 790/406 
f 609/1114 978/1118 762/1113 
f 775/1035 993/1039 152/1034 
f 497/1069 92/1043 114/1074 
f 114/560 764/557 497/570 
f 506/542 130/547 530/538 
f 138/1093 518/1096 794/1095 
f 601/546 128/535 319/544 
f 777/558 320/549 319/544 
f 796/1082 531/1081 311/1083 
f 312/1084 796/1082 311/1083 
f 150/642 507/639 520/640 
f 501/745 797/743 312/751 
f 797/743 755/744 342/747 
f 329/601 798/602 755/603 
f 520/640 507/639 850/641 
f 607/599 798/602 329/601 
f 321/1137 801/1136 951/1138 
f 951/1162 802/1154 321/1163 
f 765/611 779/616 136/600 
f 107/598 779/616 322/580 
f 323/665 767/664 315/666 
f 331/585 165/573 768/576 
f 809/620 135/595 781/592 
f 769/680 514/671 125/687 
f 781/592 948/617 809/620 
f 816/1340 124/1341 123/1343 
f 598/1392 147/1387 335/1393 
f 813/1342 99/1327 814/1330 
f 814/1330 782/1344 813/1342 
f 121/1290 947/1289 975/1293 
f 949/1280 120/1288 979/1282 
f 602/1332 120/1288 949/1280 
f 979/1282 316/1286 818/1285 
f 600/968 784/965 819/966 
f 600/968 819/966 516/971 
f 443/256 820/260 771/257 
f 117/974 504/975 516/971 
f 772/840 117/841 438/839 
f 955/254 786/248 510/218 
f 528/232 789/229 285/230 
f 538/173 328/172 837/169 
f 318/1121 824/1123 792/1124 
f 618/1030 152/1034 317/1032 
f 113/561 606/551 114/560 
f 529/1094 138/1093 794/1095 
f 129/531 535/530 795/532 
f 518/1096 513/1103 846/1119 
f 797/743 110/760 796/752 
f 797/743 342/747 110/760 
f 607/599 848/605 798/602 
f 520/640 354/647 800/658 
f 800/658 828/654 441/656 
f 802/1154 800/1153 950/1152 
f 109/1139 951/1138 801/1136 
f 136/600 107/598 607/599 
f 803/586 107/598 330/579 
f 108/1157 109/1161 106/1159 
f 330/579 331/585 803/586 
f 831/1336 331/1339 126/1338 
f 87/1320 333/1315 804/1318 
f 104/1316 806/1313 808/1304 
f 126/1338 135/1337 807/1334 
f 948/617 335/621 809/620 
f 812/1319 815/1295 811/1317 
f 808/1304 98/1279 523/1298 
f 99/1327 952/1328 814/1330 
f 124/1341 954/1296 815/1295 
f 100/1281 815/1295 525/1294 
f 336/1287 345/1283 122/1284 
f 524/1291 336/1287 121/1290 
f 816/1340 954/1296 124/1341 
f 120/957 985/956 784/965 
f 819/966 784/965 985/956 
f 611/939 608/937 305/914 
f 443/256 347/258 611/259 
f 787/155 375/207 81/208 
f 326/152 836/178 822/156 
f 822/156 603/167 143/149 
f 115/234 612/265 527/264 
f 613/166 774/162 603/167 
f 855/124 528/126 96/125 
f 990/213 95/195 538/173 
f 511/413 94/415 838/416 
f 94/415 791/409 857/414 
f 857/414 791/409 790/406 
f 857/414 790/406 95/412 
f 775/1035 93/1036 439/1037 
f 617/1050 444/1049 763/1048 
f 529/1094 340/1126 616/1125 
f 841/999 517/1007 444/1006 
f 340/1126 529/1094 794/1095 
f 794/1365 825/1364 341/1355 
f 349/539 129/531 530/538 
f 534/82 518/105 845/81 
f 845/81 518/105 846/80 
f 827/84 847/79 826/83 
f 112/86 847/79 956/85 
f 531/102 827/84 826/83 
f 110/87 956/85 827/84 
f 319/544 370/548 777/558 
f 111/612 848/605 536/614 
f 799/663 440/655 849/652 
f 440/655 828/654 849/652 
f 801/712 343/706 829/692 
f 829/692 109/713 801/712 
f 109/713 829/692 106/690 
f 804/738 86/735 87/734 
f 445/728 833/729 83/727 
f 807/1334 958/1324 831/1336 
f 84/1302 621/1348 103/1301 
f 84/1302 445/1308 621/1348 
f 830/1311 833/1309 805/1310 
f 87/1320 446/1321 344/1314 
f 344/1314 806/1313 333/1315 
f 811/1317 101/1312 344/1314 
f 832/1300 523/1298 334/1299 
f 119/938 346/948 816/946 
f 82/960 816/962 346/961 
f 118/970 819/966 442/967 
f 118/970 442/967 61/973 
f 81/208 80/175 116/153 
f 855/124 96/125 359/114 
f 625/1041 618/1030 839/1031 
f 348/1271 616/1272 842/1273 
f 360/997 841/999 444/1006 
f 881/828 619/827 840/829 
f 348/1363 842/1357 78/1356 
f 349/93 843/66 51/52 
f 349/539 864/554 535/530 
f 845/81 351/75 534/82 
f 75/1 451/34 67/19 
f 71/4 844/6 74/2 
f 351/75 364/73 350/77 
f 366/26 364/73 90/74 
f 848/605 629/607 536/614 
f 370/548 371/559 777/558 
f 89/700 849/702 630/701 
f 848/605 610/604 537/606 
f 89/700 453/698 343/706 
f 831/724 958/723 355/722 
f 853/720 64/719 852/721 
f 854/718 64/719 853/720 
f 957/733 85/715 854/718 
f 346/948 119/938 454/949 
f 82/960 346/961 871/959 
f 611/259 62/266 608/267 
f 448/263 347/258 622/268 
f 347/258 623/269 622/268 
f 60/204 81/208 375/207 
f 80/175 60/204 449/200 
f 449/200 836/178 80/175 
f 836/178 449/200 389/190 
f 876/174 836/178 389/190 
f 358/197 613/166 876/174 
f 613/166 358/197 59/201 
f 614/171 613/166 59/201 
f 550/194 614/171 59/201 
f 856/191 837/169 550/194 
f 857/414 634/420 635/418 
f 539/419 94/415 635/418 
f 792/1059 616/1070 878/1060 
f 617/1050 624/1052 360/1051 
f 348/1271 636/1264 616/1272 
f 637/1078 625/1041 619/1045 
f 56/834 881/828 840/829 
f 341/1355 362/1354 78/1356 
f 55/1352 362/1354 620/1353 
f 77/765 91/770 540/762 
f 91/1378 77/1376 843/1377 
f 53/791 36/790 860/794 
f 844/803 70/813 378/804 
f 363/817 70/813 844/803 
f 70/813 69/816 52/814 
f 863/32 551/50 52/101 
f 860/60 76/37 451/34 
f 551/50 863/32 365/33 
f 365/33 68/51 551/50 
f 71/4 72/5 627/8 
f 627/8 72/5 541/9 
f 865/25 628/11 553/38 
f 365/33 367/53 51/52 
f 67/19 452/17 862/18 
f 541/9 862/18 885/16 
f 72/5 862/18 541/9 
f 628/11 627/8 49/10 
f 865/25 542/48 365/33 
f 865/25 964/24 542/48 
f 368/56 367/53 542/48 
f 371/559 370/548 456/556 
f 544/699 46/704 961/697 
f 829/692 382/696 42/693 
f 65/625 868/624 851/596 
f 355/722 64/719 869/742 
f 64/719 545/716 869/742 
f 546/730 641/740 986/714 
f 546/695 88/691 641/694 
f 65/625 851/596 959/587 
f 85/715 986/714 545/716 
f 63/1247 548/1249 442/1251 
f 372/1214 894/1217 547/1213 
f 442/1251 548/1249 61/1176 
f 872/1212 448/1219 373/1211 
f 375/1177 873/1174 875/1178 
f 457/1179 875/1178 873/1174 
f 375/207 549/205 60/204 
f 29/1183 549/1191 875/1178 
f 632/262 970/271 633/270 
f 877/113 79/123 996/122 
f 59/201 358/197 991/202 
f 856/141 550/145 556/138 
f 377/109 877/113 359/114 
f 556/138 962/135 856/141 
f 990/146 962/135 634/140 
f 906/1054 624/1052 455/1056 
f 636/1068 878/1060 616/1070 
f 93/1036 391/1027 905/1038 
f 39/1000 57/996 360/997 
f 14/566 626/563 16/565 
f 393/1358 880/1361 858/1360 
f 392/1002 53/1003 57/996 
f 57/799 53/791 882/798 
f 882/798 54/802 56/805 
f 393/1358 78/1356 362/1354 
f 70/813 638/811 378/804 
f 36/1373 37/1368 50/1371 
f 48/12 541/9 885/16 
f 48/12 381/13 49/10 
f 884/54 866/57 886/64 
f 543/20 639/27 380/15 
f 885/16 452/17 380/15 
f 887/21 49/10 381/13 
f 887/21 379/23 49/10 
f 884/54 886/64 640/68 
f 867/100 640/68 886/64 
f 966/14 381/13 48/12 
f 965/571 371/559 456/556 
f 888/30 966/14 380/15 
f 960/58 887/21 46/49 
f 639/27 537/55 45/47 
f 46/49 887/21 971/28 
f 890/40 382/89 961/90 
f 890/40 971/28 891/39 
f 891/39 889/36 893/46 
f 641/45 890/40 892/44 
f 893/46 383/41 545/72 
f 42/61 890/40 641/45 
f 868/43 65/92 43/59 
f 892/44 545/72 986/97 
f 892/44 986/97 641/45 
f 63/1247 385/1246 548/1249 
f 647/1210 33/1221 372/1214 
f 372/1214 386/1209 647/1210 
f 548/1249 643/1171 896/1173 
f 32/1165 554/1167 555/1168 
f 555/1168 897/1169 32/1165 
f 898/1198 554/1167 967/1201 
f 31/1175 554/1167 898/1198 
f 29/1183 969/1182 20/1193 
f 633/1208 28/1206 968/1196 
f 390/478 397/475 26/479 
f 390/144 26/142 991/143 
f 991/143 903/139 550/145 
f 25/134 962/135 556/138 
f 23/1029 399/1026 40/1028 
f 880/1262 636/1264 858/1270 
f 914/784 392/786 24/785 
f 23/812 38/810 638/811 
f 400/1367 393/1358 552/1366 
f 36/790 914/784 37/792 
f 540/762 651/761 21/763 
f 37/1368 552/1366 55/1352 
f 381/13 394/29 971/28 
f 394/29 966/14 889/36 
f 394/29 891/39 971/28 
f 972/1164 32/1165 895/1172 
f 395/1166 554/1167 32/1165 
f 31/1175 388/1189 909/1184 
f 910/1185 909/1184 557/1187 
f 921/1218 915/1197 911/1188 
f 460/273 652/277 970/271 
f 648/1224 459/1202 28/1206 
f 911/1188 396/1190 463/1222 
f 463/1222 921/1218 911/1188 
f 901/272 19/274 460/273 
f 390/478 458/480 916/477 
f 19/488 901/489 902/486 
f 902/120 877/113 27/115 
f 403/117 653/116 18/110 
f 403/117 18/110 398/111 
f 391/1027 559/1021 905/1038 
f 988/783 649/788 17/808 
f 24/785 39/787 649/788 
f 646/1261 913/1259 880/1262 
f 23/1395 638/1394 406/1396 
f 914/784 920/789 37/792 
f 4/769 21/763 651/761 
f 646/1362 393/1358 400/1367 
f 395/1166 972/1164 33/1221 
f 460/273 7/275 652/277 
f 404/465 461/472 402/470 
f 10/1266 917/1267 12/1265 
f 10/1266 12/1265 15/1263 
f 399/1026 23/1029 406/1022 
f 8/780 654/781 920/789 
f 463/1222 408/1238 921/1218 
f 916/199 462/198 405/214 
f 922/276 7/275 19/274 
f 928/467 653/468 981/466 
f 918/1018 924/1015 925/1016 
f 10/1266 913/1259 982/1268 
f 919/1260 982/1268 913/1259 
f 992/281 922/276 2/282 
f 401/1223 3/1235 409/1233 
f 408/1238 407/1225 921/1218 
f 981/466 6/464 928/467 
f 925/1016 924/1015 5/1017 
f 1/1234 926/1232 409/1233 
f 642/1245 385/1246 63/1247 
f 226/321 670/322 252/319 
f 269/222 578/227 202/226 
f 175/1406 161/1405 759/1407 
f 514/671 769/680 162/672 
f 502/513 975/526 947/527 
f 92/1043 1001/1040 775/1035 
f 951/1162 109/1161 108/1157 
f 787/155 81/208 116/153 
f 88/691 829/692 42/693 
f 631/1203 373/1211 622/1204 
f 361/564 16/565 626/563 
f 558/133 556/138 903/139 
f 590/823 159/826 158/822 
f 451/34 76/37 67/19 
f 905/1038 439/1037 93/1036 
f 650/1020 918/1018 973/1024 
f 243/430 656/438 465/429 
f 708/228 659/235 260/231 
f 280/1465 941/1438 711/1434 
f 695/399 191/400 696/395 
f 727/1105 205/1106 168/1104 
f 283/750 312/751 290/759 
f 326/152 80/175 836/178 
f 625/1041 637/1078 38/1077 
f 366/26 452/17 67/19 
f 453/698 89/700 544/699 
f 829/692 453/698 961/697 
f 13/473 916/477 923/476 
f 5/1017 924/1015 406/1022 
f 408/1238 464/1228 407/1225 
f 198/1437 183/1466 699/1436 
f 301/151 423/157 722/159 
f 313/609 984/608 755/603 
f 952/1328 835/1326 809/1335 
f 604/421 838/416 539/419 
f 898/1198 374/1200 874/1199 
f 900/1195 30/1194 388/1189 
f 732/874 700/894 583/893 
f 32/1165 972/1164 395/1166 
f 562/436 240/439 997/437 
f 656/438 243/430 245/442 
f 998/445 466/450 564/452 
f 233/246 659/235 708/228 
f 659/235 233/246 224/251 
f 664/903 665/898 666/901 
f 675/326 674/336 267/341 
f 262/1433 569/1435 222/1441 
f 665/898 664/903 215/888 
f 267/521 257/495 218/494 
f 700/894 476/895 214/896 
f 574/309 937/346 701/353 
f 419/350 266/344 570/343 
f 580/382 582/383 728/381 
f 431/1065 288/1066 724/1073 
f 183/906 494/907 291/890 
f 716/590 596/575 181/582 
f 745/1010 148/1009 734/1011 
f 766/846 314/851 756/845 
f 322/580 166/583 181/582 
f 140/1102 824/1123 318/1121 
f 806/1313 104/1316 333/1315 
f 100/1281 525/1294 817/1278 
f 975/1293 515/1292 121/1290 
f 817/964 337/958 602/955 
f 113/561 533/543 130/547 
f 847/79 846/80 826/83 
f 835/1326 99/1327 810/1323 
f 996/122 79/123 115/130 
f 625/1041 58/1042 618/1030 
f 366/26 67/19 76/37 
f 823/1055 792/1059 455/1056 
f 963/800 861/797 74/801 
f 909/1184 899/1186 41/1181 
f 900/1195 898/1198 874/1199 
f 912/1192 29/1183 20/1193 
f 987/118 904/112 645/119 
f 908/69 35/67 640/68 
f 390/478 916/477 397/475 
f 648/1224 652/1240 7/1239 
f 928/467 6/464 926/482 
f 210/177 681/180 412/185 
f 565/459 232/453 469/460 
f 942/1134 427/1133 192/1128 
f 582/383 196/384 195/385 
f 204/858 584/864 179/861 
f 739/1428 189/1463 943/1432 
f 189/1463 739/1428 279/1422 
f 168/1104 491/1098 727/1105 
f 182/1475 291/1479 494/1471 
f 163/862 178/860 179/861 
f 141/1107 505/1112 171/1111 
f 512/1047 597/1064 763/1048 
f 502/513 599/524 975/526 
f 506/542 139/550 130/547 
f 801/1136 321/1137 778/1140 
f 521/1156 108/1157 315/1158 
f 345/1283 98/1279 979/1282 
f 88/691 106/690 829/692 
f 958/1324 446/1321 852/1325 
f 634/420 857/414 95/412 
f 609/1057 823/1055 617/1050 
f 361/564 626/563 339/562 
f 843/1377 533/1379 91/1378 
f 860/60 50/88 76/37 
f 904/112 377/109 635/121 
f 88/691 42/693 641/694 
f 900/1195 388/1189 898/1198 
f 927/1230 464/1228 974/1231 
